gender,race/ethnicity,parental level of education,lunch,test preparation course,math score,reading score,writing score,average_score,average_score_binned
0,1,1,1,1,0.3900235098032764,0.19399858403803502,0.3914918076496706,0.325171300496994,medium
0,2,4,1,0,0.19207552648237824,1.4274759816659497,1.3132686840532009,0.977606730733843,high
0,1,3,1,1,1.577711409728665,1.7701085921181483,1.6424747113401759,1.6634315710623298,high
1,0,0,0,1,-1.2595430178708746,-0.8338992473185606,-1.5837443560721798,-1.2257288737538719,low
1,2,4,1,1,0.6539541542311406,0.6051577165806732,0.45733301310706564,0.5721482946396265,high
0,1,0,1,1,0.32404084869631034,0.9477903270328718,0.6548566294792506,0.6422292684028109,high
0,1,4,1,0,1.445746087514733,1.7701085921181483,1.5766335058827807,1.597496061838554,high
1,1,4,0,1,-1.721421645619637,-1.7932705565847165,-1.9129503833591548,-1.8092141951878362,low
1,3,2,0,0,-0.13783777905245198,-0.35421359268548264,-0.06939663055209448,-0.18714933409667636,medium
0,1,2,0,1,-1.853386967833569,-0.6283196810472415,-1.1886971233278096,-1.22346792406954,low
1,2,0,1,1,-0.5337337456942483,-1.0394788135898796,-1.0570147124130196,-0.876742423899049,low
1,3,0,1,1,-1.721421645619637,-1.176531857770759,-1.6495855615295747,-1.5158463549733237,low
0,1,2,1,1,-0.07185511794548592,0.8107372828519923,0.3256506021922756,0.35484425569959405,medium
1,0,4,1,0,0.7859194764450727,0.19399858403803502,0.12812698582009055,0.36934834876773276,medium
0,0,3,1,1,-1.0615950345499765,-1.1080053356803194,-0.6619674796686495,-0.9438559499663152,low
0,2,5,1,1,0.19207552648237824,0.3995781503093541,0.6548566294792506,0.415503435423661,medium
1,2,2,1,1,1.445746087514733,1.35894945957551,1.1815862731384108,1.3287606067428845,high
1,2,3,0,0,-1.3255256789778407,-1.861797078675156,-1.4520619451573897,-1.546461567603462,low
0,2,0,0,1,-0.7976643901221123,-0.7653727252281208,-0.46444386329646453,-0.6758269928822326,low
1,3,2,1,1,-0.005872456838519888,-0.0115809822332841,-0.33276145238167454,-0.1167382971511595,medium
0,1,4,0,0,-0.07185511794548592,0.3995781503093541,0.12812698582009055,0.1519500060613196,medium
1,3,4,1,1,-1.4574910011917728,-1.0394788135898796,-0.9911735069556247,-1.1627144405790923,low
0,2,5,1,1,0.19207552648237824,0.26252510612847474,0.3256506021922756,0.2600837449343762,medium
1,3,1,0,0,0.5219888320172085,0.1254720619475953,0.7865390403940407,0.47799997811961487,medium
1,0,3,0,1,0.45600617091024237,0.33105162821891443,0.25980939673488057,0.34895573195467905,medium
1,1,4,1,1,0.19207552648237824,-1.0394788135898796,-0.8594910960408346,-0.5689647943827786,low
0,2,1,1,1,0.060110204268446155,-0.0115809822332841,0.45733301310706564,0.16862074504740923,medium
1,2,2,1,1,0.2580581875893443,0.05694553985715561,-0.2010790414668845,0.03797489532653847,medium
0,3,3,1,1,-0.26980310126638407,0.05694553985715561,0.45733301310706564,0.0814918172326124,medium
0,3,4,1,1,0.19207552648237824,0.33105162821891443,0.3914918076496706,0.3048729874503211,medium
0,1,4,1,1,-0.203820440159418,-0.2856870705950429,-0.46444386329646453,-0.31798379135030846,medium
0,4,3,0,1,-0.6656990679081803,0.19399858403803502,-0.2010790414668845,-0.22425984177900993,medium
1,3,4,1,1,-1.721421645619637,-1.861797078675156,-1.97879158881655,-1.854003437703781,low
1,4,4,1,1,2.0395900374774274,1.2218964153946306,0.9182214513088307,1.3932359680602964,high
1,4,0,1,0,0.9838674597659707,0.8107372828519923,0.7206978349366456,0.838434192518203,high
0,3,0,1,1,0.5219888320172085,0.8107372828519923,0.9840626567662257,0.7722629238784755,high
0,3,5,0,1,-1.0615950345499765,-0.35421359268548264,-0.5961262742112545,-0.6706449671489046,low
0,3,0,0,0,0.5879714931241745,1.4274759816659497,1.3132686840532009,1.109572052947775,high
1,1,0,0,1,-0.5997164068012143,-0.9024257694090002,-0.7278086851260446,-0.743316953778753,low
1,2,0,0,1,-0.7316817290151464,-0.5597931589568017,-0.9253323014982296,-0.7389357298233925,low
0,2,0,1,1,-0.5337337456942483,0.26252510612847474,-0.0035554250946994654,-0.091588021553491,medium
0,1,0,1,1,-0.8636470512290784,-0.7653727252281208,-0.2010790414668845,-0.6100329393080278,low
1,1,4,0,0,-0.46775108458728215,-0.2856870705950429,-0.1352378360094895,-0.2962253303972715,medium
0,4,0,0,1,-1.0615950345499765,-0.9024257694090002,-0.9253323014982296,-0.9631177018190687,low
1,1,0,1,1,-0.07185511794548592,-1.0394788135898796,-0.7278086851260446,-0.6130475388871367,low
0,0,0,1,0,-0.7316817290151464,-0.2856870705950429,-0.39860265783906956,-0.4719904858164196,medium
0,2,2,1,1,-0.005872456838519888,0.1254720619475953,0.5231742185644607,0.21425794122451203,medium
0,3,0,0,0,-0.5997164068012143,0.33105162821891443,0.5231742185644607,0.0848364799940536,medium
1,2,2,1,0,1.0498501208729367,1.0163168491233114,0.9182214513088307,0.9947961404350263,high
1,4,4,1,1,-0.8636470512290784,-0.97095229149944,-1.3203795342425997,-1.0516596256570392,low
1,4,0,0,0,0.7199368153381066,-0.0115809822332841,-0.0035554250946994654,0.2349334693367077,medium
1,2,4,1,1,-0.8636470512290784,-1.7247440344942766,-1.7154267669869698,-1.4346059509034417,low
1,3,2,1,1,1.445746087514733,0.6051577165806732,0.45733301310706564,0.8360789390674906,high
0,2,5,0,0,0.32404084869631034,1.0163168491233114,1.2474274785958057,0.8625950588051424,high
0,2,2,0,1,-2.183300273368399,-1.9303236007655957,-1.6495855615295747,-1.9210698118878566,low
0,4,0,1,0,1.0498501208729367,1.084843371213751,1.1815862731384108,1.1054265884083663,high
1,3,0,1,1,-0.9296297123360444,-0.97095229149944,-1.2545383287852048,-1.0517067775402298,low
1,3,4,1,0,-0.5337337456942483,-0.6968462031376811,-0.6619674796686495,-0.6308491428335263,low
1,4,1,0,0,0.8519021375520386,0.33105162821891443,0.25980939673488057,0.48092105416861114,medium
1,0,5,0,1,-1.787404306726603,-2.067376644946475,-2.24215641064613,-2.032312454106403,low
1,0,0,0,1,-0.26980310126638407,-0.5597931589568017,-0.8594910960408346,-0.5630291187546734,low
0,2,0,1,1,0.19207552648237824,0.7422107607615527,0.19396819127748557,0.3760848261738055,medium
0,3,5,1,1,-0.46775108458728215,-0.7653727252281208,-0.5961262742112545,-0.6097500280088858,low
1,1,5,1,1,0.060110204268446155,-0.35421359268548264,-0.46444386329646453,-0.25284908390450034,medium
1,3,5,0,1,-1.3915083400848067,-2.2044296891273545,-2.044632794273945,-1.8801902744953687,low
0,2,4,1,1,-0.4017684234803161,0.19399858403803502,0.3914918076496706,0.061240656069129845,medium
1,1,0,0,1,-0.3357857623733501,-0.7653727252281208,-0.7936498905834396,-0.6316027927283036,low
0,2,0,1,1,-1.787404306726603,-0.35421359268548264,-0.7278086851260446,-0.9564755281793769,low
0,3,4,0,0,-0.5337337456942483,-0.4227401147759223,0.3256506021922756,-0.210274419425965,medium
1,3,4,1,0,-0.203820440159418,-0.97095229149944,-0.33276145238167454,-0.5025113946801775,low
0,0,0,0,1,-1.655438984512671,-1.2450583798611987,-1.3203795342425997,-1.4069589662054895,low
1,2,5,0,1,-0.3357857623733501,-0.8338992473185606,-0.7936498905834396,-0.6544449667584501,low
1,2,5,1,1,-1.1275776956569425,-1.3821114240420782,-1.7812679724443647,-1.4303190307144618,low
1,1,0,0,1,-1.4574910011917728,-1.9303236007655957,-1.97879158881655,-1.7888687302579729,low
1,0,1,1,0,0.9178847986590046,0.6051577165806732,0.8523802458514357,0.7918075870303712,high
0,3,5,1,0,-0.3357857623733501,0.33105162821891443,0.25980939673488057,0.08502508752681497,medium
0,4,3,1,1,-0.26980310126638407,-0.08010750432372381,-0.0035554250946994654,-0.11782201022826912,medium
0,1,0,1,1,-1.2595430178708746,-1.3821114240420782,-1.1886971233278096,-1.2767838550802542,low
1,1,2,0,1,-1.1275776956569425,-1.656217512403837,-1.5179031506147846,-1.4338994528918547,low
1,0,4,0,0,-1.0615950345499765,-1.5191644682229575,-0.9253323014982296,-1.1686972680903878,low
1,4,0,1,1,0.3900235098032764,-0.35421359268548264,-0.33276145238167454,-0.09898384508796026,medium
1,3,2,0,1,-1.5894563234057049,-2.067376644946475,-2.24215641064613,-1.9663297929994368,low
0,2,4,1,1,0.45600617091024237,0.7422107607615527,0.9182214513088307,0.7054794609935419,high
0,2,4,0,1,0.6539541542311406,0.9477903270328718,1.3132686840532009,0.9716710551057378,high
0,3,0,1,1,0.32404084869631034,0.1254720619475953,0.3914918076496706,0.28033490609785877,medium
0,0,4,1,1,-0.5337337456942483,0.05694553985715561,-0.06939663055209448,-0.18206161212972904,medium
0,3,5,1,1,0.45600617091024237,1.153369893304191,0.9182214513088307,0.8425325051744214,high
0,2,1,1,1,-0.07185511794548592,0.19399858403803502,0.3914918076496706,0.17121175791407325,medium
1,2,2,0,1,-2.5791962400101953,-2.410009255398674,-2.1104739997313398,-2.366559831713403,low
1,2,2,1,1,0.32404084869631034,0.6736842386711129,0.19396819127748557,0.39723109288163627,medium
1,2,0,0,0,-1.5234736622987388,-1.656217512403837,-1.1886971233278096,-1.4561294326767953,low
0,1,4,1,1,0.8519021375520386,1.153369893304191,1.5766335058827807,1.1939685122463366,high
1,2,0,0,0,0.7859194764450727,0.8107372828519923,0.9182214513088307,0.8382927368686319,high
1,1,5,1,0,-0.07185511794548592,-0.2171605485046032,-0.39860265783906956,-0.22920610809638622,medium
0,4,4,1,0,-0.203820440159418,0.19399858403803502,0.12812698582009055,0.03943504323290253,medium
0,3,4,0,1,-0.5337337456942483,-0.1486340264141635,-0.39860265783906956,-0.3603234766491605,medium
0,3,1,1,1,-0.07185511794548592,-0.1486340264141635,-0.39860265783906956,-0.20636393406623968,medium
1,1,4,1,1,0.8519021375520386,-0.1486340264141635,-0.06939663055209448,0.21129049352859355,medium
1,3,1,1,0,0.1260928653754122,0.33105162821891443,0.3914918076496706,0.2828787670813324,medium
0,3,0,1,1,1.2477981041938349,1.4960025037563893,1.3791098895105958,1.3743034991536067,high
1,1,2,1,0,-0.4017684234803161,-1.7247440344942766,-1.3862207396999948,-1.1709110658915292,low
1,2,4,1,0,2.1055726985843934,1.153369893304191,1.444951094967991,1.5679645622855254,high
0,2,4,1,1,-0.5337337456942483,-0.1486340264141635,0.25980939673488057,-0.14085279179117707,medium
0,3,3,1,1,1.379763426407767,2.112741202570347,2.103363149541941,1.865289259506685,high
1,4,0,1,0,-0.005872456838519888,-0.4227401147759223,-0.2669202469242795,-0.23184427284624057,medium
0,1,0,0,1,-0.9296297123360444,0.4681046723997938,0.12812698582009055,-0.11113268470538669,medium
0,1,5,1,1,0.2580581875893443,-0.35421359268548264,0.25980939673488057,0.05455133054624741,medium
0,3,0,0,0,0.7199368153381066,1.35894945957551,1.9716807386271509,1.3501890045135891,high
1,2,2,1,1,-0.26980310126638407,-0.97095229149944,-1.2545383287852048,-0.831764573850343,low
1,0,0,1,1,-0.7976643901221123,-1.1080053356803194,-1.3862207396999948,-1.0972968218341421,low
0,3,4,1,1,-0.9956123734430105,-0.7653727252281208,-0.9253323014982296,-0.895439133389787,low
0,4,1,1,0,2.1715553596913595,2.112741202570347,2.103363149541941,2.1292199039345494,high
1,2,2,1,1,1.1818154430868688,0.5366311944902336,0.3914918076496706,0.703312815075591,high
0,1,1,0,1,0.5879714931241745,1.084843371213751,0.9182214513088307,0.8636787718822521,high
0,3,1,1,1,0.7859194764450727,0.8792638049424321,0.7206978349366456,0.7952937054413834,high
0,3,5,1,1,-0.9956123734430105,-0.4227401147759223,-0.46444386329646453,-0.6275987838384658,low
0,2,4,1,1,-0.7316817290151464,-0.0115809822332841,-0.2010790414668845,-0.3147805842384383,medium
0,2,1,1,0,0.8519021375520386,1.5645290258468292,1.3791098895105958,1.2651803509698212,high
1,1,0,1,0,1.6436940708356311,1.35894945957551,1.5766335058827807,1.5264256787646406,high
0,2,4,1,0,1.445746087514733,1.6330555479372688,1.6424747113401759,1.5737587822640593,high
1,3,2,0,1,-0.203820440159418,-0.8338992473185606,-0.7936498905834396,-0.6104565260204727,low
1,4,4,1,1,1.1158327819799028,0.7422107607615527,0.3256506021922756,0.7278980483112436,high
0,1,2,1,1,1.379763426407767,1.7701085921181483,1.1815862731384108,1.4438194305547754,high
1,1,5,1,1,0.3900235098032764,-0.08010750432372381,-0.06939663055209448,0.08017312497581935,medium
1,3,4,1,0,-0.07185511794548592,0.5366311944902336,0.3914918076496706,0.28542262806480606,medium
1,3,3,1,1,1.0498501208729367,0.8792638049424321,0.3914918076496706,0.7735352444883464,high
0,0,1,1,1,-0.9956123734430105,-1.3821114240420782,-1.1228559178704147,-1.1668599051185011,low
1,3,3,1,1,1.511728748621699,1.0163168491233114,0.9182214513088307,1.148755683017947,high
1,2,5,0,0,-0.8636470512290784,-2.2044296891273545,-1.8471091779017599,-1.638395306086064,low
1,4,4,0,0,1.379763426407767,0.33105162821891443,0.12812698582009055,0.612980680148924,high
0,2,4,1,0,0.5879714931241745,0.8107372828519923,1.0499038622236208,0.8162042127332626,high
1,3,1,0,0,0.5219888320172085,0.6736842386711129,0.45733301310706564,0.5510020279317956,high
1,2,1,1,1,-0.5337337456942483,-0.97095229149944,-1.3203795342425997,-0.941688523812096,low
1,1,5,1,0,-0.9956123734430105,-1.0394788135898796,-1.7812679724443647,-1.2721197198257517,low
1,4,2,1,1,0.2580581875893443,-0.97095229149944,-0.7936498905834396,-0.502181331497845,low
0,2,0,1,1,-0.46775108458728215,-0.2171605485046032,-0.06939663055209448,-0.2514360878813266,medium
1,3,4,1,0,0.32404084869631034,-0.5597931589568017,0.062285780362695546,-0.05782217663259861,medium
0,3,5,1,1,0.6539541542311406,0.19399858403803502,0.19396819127748557,0.3473069765155537,medium
0,2,4,0,1,-0.46775108458728215,-0.491266636866362,-0.2669202469242795,-0.4086459894593079,medium
0,4,4,0,0,-1.5894563234057049,-0.97095229149944,-0.9253323014982296,-1.1619136388011249,low
1,0,2,1,1,-0.5997164068012143,-1.7932705565847165,-1.3862207396999948,-1.2597359010286417,low
1,3,4,1,1,1.445746087514733,0.26252510612847474,0.6548566294792506,0.7877092743741528,high
0,2,4,0,1,-2.9091095455450255,-2.067376644946475,-2.307997616103525,-2.4281612688650087,low
1,1,5,1,1,1.445746087514733,1.0163168491233114,0.45733301310706564,0.9731319832483699,high
1,2,0,0,1,0.45600617091024237,-0.08010750432372381,-0.1352378360094895,0.08022027685900969,medium
0,3,1,1,0,0.1260928653754122,0.3995781503093541,0.8523802458514357,0.45935042051206737,medium
1,4,0,0,0,2.2375380207983255,2.112741202570347,1.6424747113401759,1.9975846449029495,high
1,0,5,1,0,-0.26980310126638407,-0.1486340264141635,0.062285780362695546,-0.11871711577261734,medium
1,0,1,1,1,0.7199368153381066,-0.1486340264141635,-0.0035554250946994654,0.18924912127641455,medium
0,1,0,1,0,-0.46775108458728215,0.05694553985715561,-0.1352378360094895,-0.18201446024653867,medium
1,3,1,1,1,-0.7976643901221123,-1.3821114240420782,-1.3862207396999948,-1.1886655179547285,low
1,3,5,1,1,-0.26980310126638407,-0.1486340264141635,-0.46444386329646453,-0.29429366365900406,medium
0,2,4,1,0,0.2580581875893443,1.35894945957551,1.3132686840532009,0.976758777072685,high
0,4,2,0,0,-0.005872456838519888,0.33105162821891443,0.6548566294792506,0.3266786002865484,medium
1,1,4,0,1,-0.4017684234803161,-0.6283196810472415,-0.5302850687538596,-0.5201243910938057,low
0,1,0,1,0,-0.3357857623733501,1.153369893304191,1.2474274785958057,0.6883372031755489,high
1,3,0,0,1,-0.005872456838519888,-0.491266636866362,-0.2669202469242795,-0.25468644687638714,medium
1,1,0,0,0,1.0498501208729367,0.6051577165806732,0.3914918076496706,0.6821665483677601,high
0,4,4,0,0,0.5879714931241745,1.2904229374850702,1.1157450676810157,0.9980464994300867,high
1,1,3,0,1,-1.1275776956569425,-1.1080053356803194,-1.0570147124130196,-1.0975325812500938,low
1,2,2,1,1,-0.9296297123360444,-1.1080053356803194,-1.2545383287852048,-1.0973911256005229,low
0,4,3,1,1,0.9838674597659707,1.5645290258468292,1.5107923004253858,1.3530629286793954,high
0,2,1,1,0,1.9736073763704614,2.112741202570347,2.103363149541941,2.063237242827583,high
1,2,2,0,0,-0.8636470512290784,-1.2450583798611987,-1.1228559178704147,-1.0771871163202305,low
0,1,3,0,0,-0.5337337456942483,0.4681046723997938,0.6548566294792506,0.19640918539493205,medium
0,1,2,1,0,0.1260928653754122,0.9477903270328718,0.6548566294792506,0.5762466072958449,high
0,2,4,0,0,0.060110204268446155,0.3995781503093541,0.12812698582009055,0.19593844679929695,medium
1,0,2,1,0,0.3900235098032764,0.26252510612847474,0.3914918076496706,0.3480134745271406,medium
1,4,5,1,1,1.8416420541565293,1.2904229374850702,0.6548566294792506,1.2623072070402834,high
0,3,4,1,1,0.8519021375520386,1.153369893304191,0.8523802458514357,0.952550758902555,high
0,2,0,1,1,-0.203820440159418,-0.1486340264141635,0.12812698582009055,-0.07477582691783032,medium
0,2,1,0,0,-1.5234736622987388,-1.2450583798611987,-0.9253323014982296,-1.2312881145527224,low
0,2,3,1,0,0.9838674597659707,1.4960025037563893,1.2474274785958057,1.2424324807060552,high
0,1,2,0,0,-1.3255256789778407,-1.0394788135898796,-0.6619674796686495,-1.0089906574121232,low
0,2,0,1,0,0.32404084869631034,0.5366311944902336,0.5890154240218557,0.4832291557361332,medium
0,1,3,0,0,-0.9296297123360444,0.05694553985715561,-0.39860265783906956,-0.42376227677265277,medium
0,3,5,1,0,2.0395900374774274,2.112741202570347,2.103363149541941,2.0852314631965716,high
1,2,3,0,0,-0.26980310126638407,-0.08010750432372381,0.45733301310706564,0.03580746917231925,medium
0,2,4,0,1,-1.3255256789778407,-0.35421359268548264,-0.1352378360094895,-0.6049923692242709,low
0,4,2,1,1,-1.0615950345499765,-1.3135849019516386,-1.3862207396999948,-1.2538002254005367,low
0,3,0,1,1,-0.07185511794548592,-0.0115809822332841,0.12812698582009055,0.014896961880440174,medium
1,2,5,0,0,-1.3915083400848067,-1.176531857770759,-1.2545383287852048,-1.27419284221359,low
1,2,0,0,0,-0.07185511794548592,-0.1486340264141635,-0.2010790414668845,-0.14052272860884465,medium
1,4,2,1,1,0.9178847986590046,0.4681046723997938,-0.2010790414668845,0.39497014319730467,medium
1,3,5,1,0,-0.26980310126638407,-0.2171605485046032,-0.0035554250946994654,-0.16350635828856225,medium
1,1,5,0,1,-1.1935603567639086,-1.176531857770759,-1.5179031506147846,-1.2959984550498176,low
0,2,1,1,1,0.7199368153381066,1.2904229374850702,1.2474274785958057,1.0859290771396608,high
0,4,0,1,1,-0.005872456838519888,-0.2856870705950429,0.062285780362695546,-0.07642458235695575,medium
1,3,4,1,0,0.6539541542311406,0.9477903270328718,0.7206978349366456,0.7741474387335526,high
0,1,5,1,1,-0.26980310126638407,-0.35421359268548264,-0.1352378360094895,-0.25308484332045206,medium
1,3,4,1,0,0.7199368153381066,-0.491266636866362,-0.39860265783906956,-0.05664415978910833,medium
0,2,3,1,0,0.19207552648237824,1.0163168491233114,1.1157450676810157,0.7747124810955685,high
1,3,0,1,1,-0.3357857623733501,-0.97095229149944,-1.0570147124130196,-0.7879175887619366,low
1,2,5,0,0,-0.46775108458728215,-0.0115809822332841,-0.2010790414668845,-0.22680370276248354,medium
1,4,2,0,1,-0.7316817290151464,-0.9024257694090002,-1.1228559178704147,-0.9189878054315205,low
0,1,4,0,1,-1.3915083400848067,-1.1080053356803194,-0.8594910960408346,-1.1196682572686536,low
0,1,1,0,1,0.7859194764450727,0.6736842386711129,0.5231742185644607,0.6609259778935487,high
0,2,0,1,0,0.060110204268446155,1.0163168491233114,1.1815862731384108,0.7526711088433894,high
0,3,4,0,1,-0.07185511794548592,0.8107372828519923,0.5890154240218557,0.4426325296427874,medium
1,2,0,1,1,0.19207552648237824,0.5366311944902336,0.062285780362695546,0.2636641671117691,medium
0,1,0,1,1,-0.5997164068012143,-0.0115809822332841,-0.0035554250946994654,-0.20495093804306594,medium
1,2,4,1,1,-0.46775108458728215,-1.9303236007655957,-1.7154267669869698,-1.3711671507799492,low
1,3,5,1,0,0.5219888320172085,0.1254720619475953,0.6548566294792506,0.4341058411480181,medium
1,4,1,1,1,1.0498501208729367,-0.491266636866362,-0.39860265783906956,0.053326942055835026,medium
1,4,2,1,0,0.9838674597659707,0.7422107607615527,0.5231742185644607,0.7497508130306613,high
0,1,4,0,1,0.5219888320172085,0.8107372828519923,0.5231742185644607,0.6186334444778873,high
0,1,4,0,1,-0.5337337456942483,-0.5597931589568017,-0.1352378360094895,-0.4095882468868464,medium
1,3,5,0,0,0.9178847986590046,0.6736842386711129,0.7206978349366456,0.770755624088921,high
1,2,4,0,1,-2.051334951154467,-2.821168387941312,-2.703044848847895,-2.525182729314558,low
0,2,2,0,1,-1.5894563234057049,-0.491266636866362,-0.5302850687538596,-0.8703360096753089,low
1,2,0,0,0,-0.4017684234803161,-1.2450583798611987,-0.7936498905834396,-0.813492231308318,low
1,4,2,1,0,1.379763426407767,1.4960025037563893,0.8523802458514357,1.2427153920051974,high
1,1,5,1,0,1.1818154430868688,0.9477903270328718,0.45733301310706564,0.8623129277422686,high
0,4,0,0,0,1.1158327819799028,1.153369893304191,1.3132686840532009,1.194157119779098,high
0,2,2,0,1,-2.117317612261433,-1.861797078675156,-1.9129503833591548,-1.9640216914319144,low
1,1,2,0,1,-0.005872456838519888,0.5366311944902336,0.12812698582009055,0.21962857449060139,medium
1,1,5,1,0,-0.3357857623733501,-0.9024257694090002,-0.7936498905834396,-0.6772871407885966,low
0,3,2,1,0,-0.6656990679081803,-0.08010750432372381,0.3914918076496706,-0.11810492152741119,medium
1,1,0,1,1,1.379763426407767,1.084843371213751,0.3256506021922756,0.9300857999379312,high
0,2,5,0,1,-0.7316817290151464,-0.2856870705950429,-0.39860265783906956,-0.4719904858164196,medium
1,3,5,1,1,1.313780765300801,0.7422107607615527,0.45733301310706564,0.8377748463898064,high
0,1,0,1,0,-0.9296297123360444,-0.2171605485046032,0.3256506021922756,-0.2737132195494573,medium
0,4,3,0,1,-1.3915083400848067,-0.9024257694090002,-0.9253323014982296,-1.0730888036640123,low
0,2,4,1,1,0.3900235098032764,0.19399858403803502,0.19396819127748557,0.259330095039599,medium
1,3,2,1,1,-0.5997164068012143,-1.3135849019516386,-0.9253323014982296,-0.9462112034170275,low
1,0,5,0,1,0.1260928653754122,0.19399858403803502,-0.2669202469242795,0.01772373416305591,medium
0,2,4,1,0,1.445746087514733,1.7701085921181483,1.7083159167975708,1.6413901988101507,high
1,3,4,1,1,0.6539541542311406,-0.35421359268548264,-0.1352378360094895,0.05483424184538948,medium
1,2,0,1,1,-1.3255256789778407,-1.7932705565847165,-1.7154267669869698,-1.6114076675165088,low
0,1,1,1,1,0.060110204268446155,1.153369893304191,0.9840626567662257,0.7325142514462876,high
1,4,5,1,1,1.7096767319425972,1.2218964153946306,0.6548566294792506,1.1954765922721595,high
1,2,1,1,0,1.1158327819799028,0.8792638049424321,1.0499038622236208,1.0150001497153187,high
1,3,0,1,1,0.9178847986590046,0.3995781503093541,0.5890154240218557,0.6354927909967382,high
1,3,1,0,1,-0.203820440159418,-0.2171605485046032,-0.06939663055209448,-0.1634592064053719,medium
0,3,5,1,0,-0.13783777905245198,-0.6283196810472415,0.3914918076496706,-0.12488855081667427,medium
1,1,4,1,1,-0.7976643901221123,-1.176531857770759,-1.1228559178704147,-1.0323507219210954,low
1,2,0,1,1,1.1818154430868688,0.7422107607615527,0.7865390403940407,0.9035217480808208,high
1,3,2,0,0,0.45600617091024237,-0.08010750432372381,-0.1352378360094895,0.08022027685900969,medium
0,4,1,1,1,0.9178847986590046,0.9477903270328718,0.9840626567662257,0.9499125941527007,high
0,3,2,1,1,-0.6656990679081803,-1.176531857770759,-0.8594910960408346,-0.9005740072399248,low
1,4,4,1,1,-0.46775108458728215,-1.2450583798611987,-1.6495855615295747,-1.1207983419926852,low
1,3,5,1,1,0.5879714931241745,0.33105162821891443,0.062285780362695546,0.3271029672352615,medium
1,2,0,1,1,1.2477981041938349,0.4681046723997938,0.19396819127748557,0.6366236559570381,high
1,4,0,1,1,1.511728748621699,0.4681046723997938,0.3914918076496706,0.7904417428903878,high
0,1,2,1,0,-0.5337337456942483,0.05694553985715561,-0.0035554250946994654,-0.1601145436439307,medium
0,1,2,1,1,-0.07185511794548592,-0.35421359268548264,-0.39860265783906956,-0.2748904561566794,medium
1,2,2,1,1,0.1260928653754122,-0.6283196810472415,-0.9911735069556247,-0.49780010754248466,medium
1,0,5,1,0,-1.2595430178708746,-1.3821114240420782,-1.2545383287852048,-1.2987309235660527,low
0,3,4,0,1,0.32404084869631034,0.9477903270328718,0.9840626567662257,0.7519646108318025,high
0,1,5,1,0,-0.4017684234803161,0.05694553985715561,0.12812698582009055,-0.07223196593435664,medium
1,3,3,1,1,0.9178847986590046,0.7422107607615527,0.25980939673488057,0.6399683187184793,high
1,3,2,1,1,-0.7976643901221123,-1.176531857770759,-1.0570147124130196,-1.010403653435297,low
0,4,4,1,1,-0.26980310126638407,0.26252510612847474,0.12812698582009055,0.040282996894060404,medium
0,2,0,0,1,-0.13783777905245198,0.26252510612847474,-0.0035554250946994654,0.040377300660441096,medium
1,2,0,1,0,0.7859194764450727,0.5366311944902336,0.5890154240218557,0.6371886983190539,high
0,1,4,1,1,0.2580581875893443,0.3995781503093541,0.6548566294792506,0.4374976557926497,medium
0,2,3,0,0,-0.07185511794548592,0.8107372828519923,0.8523802458514357,0.5304208035859806,high
0,2,5,0,0,-0.13783777905245198,0.6736842386711129,0.5890154240218557,0.37495396121350555,medium
1,2,4,1,0,0.8519021375520386,0.6736842386711129,0.6548566294792506,0.726814335234134,high
0,2,5,0,1,-1.4574910011917728,-1.3135849019516386,-1.1228559178704147,-1.2979772736712754,low
0,4,2,1,1,2.1715553596913595,1.6330555479372688,1.444951094967991,1.7498540008655397,high
1,3,2,1,1,0.6539541542311406,0.26252510612847474,-0.0035554250946994654,0.3043079450883053,medium
1,3,5,0,1,-0.46775108458728215,-1.861797078675156,-1.7812679724443647,-1.370272045235601,low
0,2,1,1,1,-0.203820440159418,0.3995781503093541,0.8523802458514357,0.3493793186671239,medium
0,3,2,1,1,0.19207552648237824,0.19399858403803502,0.5890154240218557,0.325029844847423,medium
0,3,0,1,0,1.445746087514733,1.5645290258468292,1.774157122254966,1.5948107452055094,high
0,4,4,0,1,0.32404084869631034,0.4681046723997938,0.12812698582009055,0.3067575023053982,medium
1,2,1,1,1,0.19207552648237824,-0.4227401147759223,-0.46444386329646453,-0.23170281719666952,medium
1,2,4,1,1,-0.5337337456942483,-1.3821114240420782,-1.7154267669869698,-1.2104239789077653,low
0,3,0,0,1,-1.2595430178708746,-1.1080053356803194,-0.6619674796686495,-1.009838611073281,low
0,3,4,1,1,-0.07185511794548592,0.05694553985715561,0.19396819127748557,0.059686204396385084,medium
1,1,4,1,0,1.445746087514733,1.084843371213751,0.5231742185644607,1.0179212257643149,high
1,2,1,1,1,1.1158327819799028,0.6051577165806732,0.3256506021922756,0.6822137002509505,high
0,2,5,1,0,1.2477981041938349,1.5645290258468292,1.6424747113401759,1.4849339471269467,high
0,4,2,1,0,-0.46775108458728215,-0.4227401147759223,0.45733301310706564,-0.14438606208537963,medium
0,2,5,0,1,-0.07185511794548592,1.153369893304191,0.7865390403940407,0.6226846052509153,high
1,1,1,0,1,0.45600617091024237,-0.9024257694090002,-0.7278086851260446,-0.3914094278749341,medium
1,3,2,1,1,-0.8636470512290784,-1.176531857770759,-1.7154267669869698,-1.251868558662269,low
1,3,2,1,1,-1.3915083400848067,-1.4506379461325178,-1.4520619451573897,-1.4314027437915715,low
0,3,1,0,1,0.45600617091024237,0.6736842386711129,1.0499038622236208,0.726531423934992,high
0,3,4,0,0,0.2580581875893443,0.6051577165806732,0.6548566294792506,0.5060241778830893,high
0,1,5,1,1,-1.919369628940535,-1.5876909903133973,-1.4520619451573897,-1.653040854803774,low
1,1,0,1,0,0.9838674597659707,0.8792638049424321,0.9182214513088307,0.9271175720057445,high
1,4,0,1,0,2.0395900374774274,0.8792638049424321,1.3132686840532009,1.4107075088243535,high
0,1,5,1,1,0.060110204268446155,1.35894945957551,0.9182214513088307,0.7790937050509289,high
1,1,1,0,1,1.445746087514733,0.3995781503093541,0.5231742185644607,0.7894994854628492,high
1,4,5,1,0,0.7199368153381066,0.4681046723997938,0.5890154240218557,0.5923523039199187,high
1,2,0,1,1,0.6539541542311406,0.05694553985715561,-0.0035554250946994654,0.23578142299786556,medium
1,3,5,1,1,1.313780765300801,0.26252510612847474,0.12812698582009055,0.5681442857497888,high
1,2,5,1,0,-0.203820440159418,-0.6283196810472415,-0.7278086851260446,-0.5199829354442347,low
0,4,1,1,1,-0.07185511794548592,0.26252510612847474,0.45733301310706564,0.21600100043001813,medium
1,3,2,0,0,0.7859194764450727,0.5366311944902336,0.7865390403940407,0.7030299037764488,high
1,1,0,0,1,0.060110204268446155,-0.491266636866362,-0.5302850687538596,-0.3204805004505918,medium
1,0,5,1,0,-1.3255256789778407,-1.9303236007655957,-1.6495855615295747,-1.6351449470910036,low
1,4,0,1,0,0.32404084869631034,0.33105162821891443,-0.0035554250946994654,0.21717901727350844,medium
1,2,2,0,0,-1.721421645619637,-1.5876909903133973,-1.1886971233278096,-1.4992699197536146,low
1,3,0,0,1,1.577711409728665,1.2218964153946306,0.45733301310706564,1.0856469460767872,high
1,0,4,0,0,0.9838674597659707,0.6051577165806732,0.8523802458514357,0.8138018073993599,high
1,3,5,0,1,-0.6656990679081803,-1.0394788135898796,-1.0570147124130196,-0.9207308646370264,low
0,2,0,1,0,0.060110204268446155,1.0163168491233114,0.8523802458514357,0.6429357664143978,high
1,1,0,1,1,0.9178847986590046,0.4681046723997938,-0.2669202469242795,0.37302307471150636,medium
0,2,0,1,0,0.5219888320172085,0.3995781503093541,0.9840626567662257,0.6352098796975961,high
1,0,4,1,1,0.19207552648237824,-0.1486340264141635,0.062285780362695546,0.03524242681030343,medium
1,4,4,1,0,2.1715553596913595,1.2218964153946306,0.8523802458514357,1.415277340312475,high
1,2,5,1,1,-0.9956123734430105,-1.176531857770759,-1.5837443560721798,-1.2519628624286498,low
0,1,0,0,1,-0.8636470512290784,0.1254720619475953,-0.06939663055209448,-0.26919053994452585,medium
0,3,2,0,1,-1.1275776956569425,-0.8338992473185606,-1.0570147124130196,-1.0061638851295076,low
0,1,0,1,1,0.45600617091024237,0.4681046723997938,0.7865390403940407,0.570216627901359,high
1,1,1,1,1,-0.005872456838519888,-0.6283196810472415,-0.7278086851260446,-0.45400027433726864,medium
1,3,1,1,0,0.060110204268446155,-0.5597931589568017,-0.0035554250946994654,-0.16774612659435165,medium
0,2,0,0,0,0.1260928653754122,-0.1486340264141635,0.062285780362695546,0.013248206441314745,medium
0,2,1,1,0,-0.46775108458728215,-0.35421359268548264,0.45733301310706564,-0.12154388805523304,medium
1,2,2,1,1,0.32404084869631034,-0.2171605485046032,-0.2010790414668845,-0.031399580425059116,medium
0,3,3,1,0,0.7199368153381066,0.8792638049424321,1.5107923004253858,1.0366643069019748,high
1,2,0,1,1,1.1158327819799028,0.19399858403803502,0.6548566294792506,0.6548959984990628,high
1,1,1,1,1,-0.203820440159418,0.1254720619475953,0.062285780362695546,-0.0053541992830423825,medium
0,3,0,0,1,-0.6656990679081803,-0.2856870705950429,-0.33276145238167454,-0.4280491969616326,medium
0,2,2,0,0,0.060110204268446155,0.6736842386711129,1.0499038622236208,0.59456610172106,high
0,4,2,1,1,0.5879714931241745,1.153369893304191,0.7206978349366456,0.8206797404550037,high
0,2,4,1,1,0.32404084869631034,0.8107372828519923,0.7865390403940407,0.6404390573141144,high
0,2,5,0,1,-1.5234736622987388,-1.1080053356803194,-0.9911735069556247,-1.2075508349782276,low
0,2,2,0,1,-1.655438984512671,-1.5876909903133973,-1.6495855615295747,-1.6309051787852145,low
0,2,4,1,1,1.0498501208729367,1.4274759816659497,1.7083159167975708,1.3952140064454859,high
1,2,4,1,1,-0.3357857623733501,-0.5597931589568017,-0.39860265783906956,-0.4313938597230738,medium
1,2,0,1,0,1.0498501208729367,0.3995781503093541,0.5890154240218557,0.6794812317347155,high
0,1,5,1,1,-1.655438984512671,-0.97095229149944,-1.1228559178704147,-1.2497490646275085,low
1,2,2,1,1,0.32404084869631034,-0.6283196810472415,-0.46444386329646453,-0.25624089854913185,medium
1,2,0,1,1,-1.2595430178708746,-2.2044296891273545,-2.1763152051887347,-1.8800959707289877,low
1,4,0,1,0,-0.26980310126638407,-0.9024257694090002,-0.9911735069556247,-0.7211341258770029,low
1,1,0,1,1,1.577711409728665,0.6051577165806732,0.8523802458514357,1.011749790720258,high
0,2,1,1,1,1.1158327819799028,1.6330555479372688,1.774157122254966,1.5076818173907125,high
0,1,4,0,1,-0.3357857623733501,-0.08010750432372381,-0.1352378360094895,-0.18371036756885448,medium
1,3,5,1,0,0.6539541542311406,0.05694553985715561,0.062285780362695546,0.2577284914836639,medium
1,2,0,1,1,-1.1275776956569425,-1.2450583798611987,-1.6495855615295747,-1.340740545682572,low
0,1,5,0,1,-2.7771442233310935,-2.135903167036915,-2.703044848847895,-2.538697413071968,low
0,3,5,0,0,-2.051334951154467,-0.97095229149944,-0.5302850687538596,-1.1841907704692556,low
1,2,2,0,1,-0.5337337456942483,-0.5597931589568017,-1.0570147124130196,-0.7168472056880232,low
0,2,2,1,1,-0.3357857623733501,0.26252510612847474,-0.33276145238167454,-0.13534070287551664,medium
0,1,2,1,0,0.19207552648237824,0.4681046723997938,0.3914918076496706,0.3505573355106142,medium
1,3,0,1,0,0.060110204268446155,0.19399858403803502,-0.06939663055209448,0.061570719251462236,medium
1,3,4,1,1,0.8519021375520386,0.26252510612847474,-0.06939663055209448,0.34834353770947296,medium
0,2,2,1,1,0.3900235098032764,0.7422107607615527,0.45733301310706564,0.5298557612239649,high
1,1,4,1,1,-0.26980310126638407,-0.5597931589568017,-0.7278086851260446,-0.5191349817830768,low
0,2,1,1,0,0.7199368153381066,1.7015820700277084,1.774157122254966,1.398558669206927,high
1,3,2,0,1,0.5879714931241745,0.33105162821891443,-0.1352378360094895,0.2612617617778665,medium
1,4,0,1,1,1.379763426407767,0.33105162821891443,0.5231742185644607,0.744663091063714,high
0,1,1,1,1,-0.9296297123360444,-0.2856870705950429,0.062285780362695546,-0.3843436675227973,medium
1,4,4,1,1,-0.005872456838519888,-0.8338992473185606,-1.0570147124130196,-0.6322621388567,low
0,2,4,1,0,-0.203820440159418,0.6051577165806732,0.7865390403940407,0.3959587722717653,medium
0,2,0,1,1,-1.3255256789778407,-0.7653727252281208,-0.7278086851260446,-0.9395690297773353,low
0,2,4,1,1,-0.46775108458728215,0.1254720619475953,0.12812698582009055,-0.07138401227319877,medium
0,1,1,1,1,-0.3357857623733501,0.19399858403803502,0.12812698582009055,-0.004553397505074848,medium
1,0,0,1,1,-0.203820440159418,-0.5597931589568017,-0.46444386329646453,-0.40935248747089475,medium
0,2,4,0,0,-1.5894563234057049,-0.2171605485046032,0.062285780362695546,-0.5814436971825375,low
1,3,4,0,1,-0.46775108458728215,-0.491266636866362,-0.46444386329646453,-0.4744871949167029,medium
0,3,4,1,1,0.9178847986590046,1.4274759816659497,1.3791098895105958,1.2414902232785165,high
0,1,2,1,1,-0.5337337456942483,-0.491266636866362,-0.5961262742112545,-0.5403755522572883,low
1,1,5,1,0,1.2477981041938349,1.0163168491233114,0.6548566294792506,0.972990527598799,high
0,2,4,1,1,-0.9296297123360444,-0.7653727252281208,-0.6619674796686495,-0.785656639077605,low
0,3,5,0,1,-2.5791962400101953,-2.410009255398674,-2.37383882156092,-2.4543481056565963,low
1,2,4,1,1,-0.46775108458728215,-0.6283196810472415,-0.6619674796686495,-0.5860127484343911,low
1,0,1,0,0,-1.1275776956569425,-0.7653727252281208,-0.5302850687538596,-0.8077451632129744,low
1,2,2,1,0,0.19207552648237824,-0.7653727252281208,-0.9911735069556247,-0.521490235233789,low
1,2,1,0,1,-0.3357857623733501,-0.2171605485046032,-0.46444386329646453,-0.3391300580581393,medium
0,0,5,0,1,-1.4574910011917728,-0.35421359268548264,-0.6619674796686495,-0.824557357848635,low
0,3,5,1,1,0.45600617091024237,1.0163168491233114,1.1157450676810157,0.8626893625715232,high
1,4,4,1,1,1.1818154430868688,0.5366311944902336,0.19396819127748557,0.6374716096181959,high
0,2,4,0,0,-1.3915083400848067,0.26252510612847474,0.12812698582009055,-0.3336187493787471,medium
1,3,5,1,1,0.5219888320172085,0.33105162821891443,0.25980939673488057,0.37094995232366784,medium
0,3,4,1,0,1.0498501208729367,1.9071616362990276,1.8399983277123608,1.5990033616281085,high
0,3,1,1,1,-0.46775108458728215,0.05694553985715561,0.3256506021922756,-0.028384980845950314,medium
1,4,0,0,1,-1.3255256789778407,-1.7932705565847165,-1.7812679724443647,-1.6333547360023075,low
0,3,5,1,1,0.9178847986590046,1.4274759816659497,0.9182214513088307,1.0878607438779284,high
0,3,3,0,0,1.2477981041938349,1.7701085921181483,2.103363149541941,1.7070899486179745,high
0,0,5,1,1,0.32404084869631034,0.9477903270328718,0.5890154240218557,0.6202821999170126,high
1,0,1,1,1,-0.005872456838519888,-0.35421359268548264,-0.39860265783906956,-0.2528962357876907,medium
0,1,0,1,1,0.9178847986590046,1.153369893304191,0.9840626567662257,1.0184391162431405,high
1,2,0,1,0,1.379763426407767,2.112741202570347,1.774157122254966,1.7555539170776935,high
1,2,3,0,1,0.8519021375520386,0.8107372828519923,0.19396819127748557,0.6188692038938388,high
0,4,5,0,1,-1.853386967833569,-1.3821114240420782,-1.5179031506147846,-1.5844671808301438,low
0,0,5,0,1,-1.853386967833569,-1.7932705565847165,-1.6495855615295747,-1.76541436198262,low
0,4,4,1,1,0.060110204268446155,0.4681046723997938,0.45733301310706564,0.3285159632584352,medium
0,4,1,1,1,-0.13783777905245198,0.26252510612847474,0.12812698582009055,0.08427143763203777,medium
0,2,0,0,1,-0.5997164068012143,0.6051577165806732,-0.06939663055209448,-0.021318440257545198,medium
0,3,2,1,1,-0.26980310126638407,-0.35421359268548264,-0.2669202469242795,-0.2969789802920488,medium
1,3,3,1,1,0.45600617091024237,0.05694553985715561,0.45733301310706564,0.3234282412914879,medium
1,4,5,0,0,0.45600617091024237,-0.1486340264141635,-0.5961262742112545,-0.09625137657172522,medium
0,3,4,1,1,0.7199368153381066,-0.08010750432372381,0.5890154240218557,0.4096149116787462,medium
1,4,4,1,1,0.6539541542311406,-0.1486340264141635,-0.06939663055209448,0.1453078324216275,medium
1,2,0,1,0,-0.5997164068012143,-1.0394788135898796,-0.7936498905834396,-0.8109483703248445,low
0,2,5,1,0,-0.07185511794548592,0.33105162821891443,0.5890154240218557,0.2827373114317614,medium
1,0,2,0,1,-1.1935603567639086,-1.656217512403837,-1.7812679724443647,-1.5436819472040366,low
0,1,2,0,1,-1.0615950345499765,-0.1486340264141635,-0.33276145238167454,-0.5143301711152715,low
0,2,0,1,1,1.2477981041938349,1.35894945957551,1.774157122254966,1.4603015620081035,high
1,1,5,1,1,0.5219888320172085,-0.4227401147759223,-0.7278086851260446,-0.20951998929491947,medium
1,3,5,1,1,-0.4017684234803161,-0.6968462031376811,-0.9253323014982296,-0.6746489760387423,low
0,2,5,1,0,-0.46775108458728215,-1.0394788135898796,-0.06939663055209448,-0.5255421762430854,low
1,0,4,1,1,-0.8636470512290784,-1.7932705565847165,-1.6495855615295747,-1.43550105644779,low
0,0,4,0,1,-1.1275776956569425,-0.2856870705950429,-0.8594910960408346,-0.7575852874309401,low
0,3,2,1,0,1.445746087514733,2.044214680479907,2.103363149541941,1.864441305845527,high
0,2,2,1,1,-0.7976643901221123,-0.6968462031376811,-0.39860265783906956,-0.6310377503662876,low
0,2,5,1,1,-0.203820440159418,0.26252510612847474,-0.0035554250946994654,0.018383080291452424,medium
1,1,0,1,0,-0.07185511794548592,-0.2856870705950429,-0.33276145238167454,-0.23010121364073446,medium
0,1,0,1,1,1.0498501208729367,0.7422107607615527,0.5890154240218557,0.7936921018854483,high
0,3,2,0,0,-0.9296297123360444,-0.8338992473185606,-0.7936498905834396,-0.8523929500793482,low
1,3,0,1,0,1.379763426407767,1.0163168491233114,1.1157450676810157,1.1706084477373648,high
0,3,3,1,0,0.2580581875893443,0.1254720619475953,0.3914918076496706,0.2583406857288701,medium
1,4,4,1,0,1.1818154430868688,0.9477903270328718,0.6548566294792506,0.9281541331996638,high
1,3,0,1,1,0.32404084869631034,-0.2171605485046032,-0.5302850687538596,-0.14113492285405083,medium
1,1,5,1,0,-0.203820440159418,-0.1486340264141635,-0.06939663055209448,-0.14061703237522533,medium
0,2,1,0,0,-0.9956123734430105,0.19399858403803502,0.7206978349366456,-0.02697198482277659,medium
1,4,2,1,1,1.1818154430868688,0.26252510612847474,0.062285780362695546,0.502208776526013,high
1,2,1,1,0,0.32404084869631034,0.33105162821891443,-0.0035554250946994654,0.21717901727350844,medium
1,2,0,1,1,0.5219888320172085,0.26252510612847474,-0.06939663055209448,0.23837243586452958,medium
1,3,4,1,1,0.1260928653754122,-0.6968462031376811,-0.39860265783906956,-0.32311866520044613,medium
1,4,2,0,0,-0.5997164068012143,-0.9024257694090002,-0.9253323014982296,-0.809158159236148,low
0,2,0,0,0,1.0498501208729367,1.6330555479372688,1.6424747113401759,1.4417934600501272,high
0,3,2,1,0,-0.5997164068012143,-0.7653727252281208,-0.2669202469242795,-0.5440031263178716,low
0,3,3,0,0,-1.2595430178708746,-0.7653727252281208,-0.06939663055209448,-0.6981041245503633,low
0,0,5,1,0,-0.46775108458728215,1.084843371213751,0.7865390403940407,0.46787710900683654,medium
1,1,4,0,1,-1.655438984512671,-2.067376644946475,-2.24215641064613,-1.9883240133684252,low
0,2,4,0,1,-0.26980310126638407,-0.1486340264141635,-0.39860265783906956,-0.27234659517320575,medium
1,2,1,1,1,1.313780765300801,0.9477903270328718,1.1815862731384108,1.147719121824028,high
1,2,5,0,1,0.19207552648237824,0.1254720619475953,-0.2010790414668845,0.038822848987696355,medium
1,0,5,0,1,-0.07185511794548592,-0.6968462031376811,-0.9911735069556247,-0.5866249426795972,low
1,2,5,0,1,0.1260928653754122,-0.4227401147759223,-0.9253323014982296,-0.40732651696624655,medium
1,2,0,0,1,-0.13783777905245198,-0.2171605485046032,-0.5961262742112545,-0.3170415339227699,medium
0,2,2,1,1,-0.3357857623733501,0.19399858403803502,0.12812698582009055,-0.004553397505074848,medium
1,2,2,1,1,-0.3357857623733501,-0.9024257694090002,-0.8594910960408346,-0.699234209274395,low
0,0,5,0,1,-1.2595430178708746,-0.6968462031376811,-1.1886971233278096,-1.0483621147787885,low
1,2,5,1,1,0.45600617091024237,-0.2171605485046032,-0.1352378360094895,0.03453592879871656,medium
1,2,4,0,0,-1.0615950345499765,-1.4506379461325178,-0.9911735069556247,-1.1678021625460397,low
1,3,0,1,1,0.5879714931241745,-0.08010750432372381,-0.2669202469242795,0.08031458062539039,medium
1,3,0,0,1,0.5879714931241745,-0.2171605485046032,0.3256506021922756,0.2321538489372823,medium
1,2,2,1,1,0.2580581875893443,-0.9024257694090002,-1.1228559178704147,-0.5890744998966903,low
1,3,5,1,0,1.511728748621699,1.2904229374850702,0.9182214513088307,1.2401243791385332,high
0,2,4,1,0,0.060110204268446155,0.8107372828519923,0.7206978349366456,0.5305151073523614,high
0,3,2,1,1,0.7859194764450727,0.8107372828519923,0.7865390403940407,0.7943985998970353,high
0,0,5,0,1,-0.46775108458728215,0.26252510612847474,0.062285780362695546,-0.04764673269870395,medium
0,1,0,1,1,0.45600617091024237,0.9477903270328718,0.5231742185644607,0.6423235721691917,high
1,0,5,0,1,0.8519021375520386,0.8792638049424321,0.3256506021922756,0.6856055148955821,high
0,2,5,1,0,0.060110204268446155,0.33105162821891443,0.5890154240218557,0.32672575216973876,medium
1,3,4,0,1,0.19207552648237824,-0.2171605485046032,-0.5302850687538596,-0.1851233635920282,medium
1,2,2,1,0,1.313780765300801,0.8107372828519923,0.7865390403940407,0.9703523628489444,high
1,1,2,1,1,-1.2595430178708746,-1.5876909903133973,-1.7154267669869698,-1.5208869250570807,low
1,1,0,1,1,0.9838674597659707,0.26252510612847474,0.25980939673488057,0.502067320876442,high
0,2,4,0,0,-0.13783777905245198,1.084843371213751,1.1157450676810157,0.6875835532807716,high
0,4,4,1,1,2.2375380207983255,1.5645290258468292,1.905839533169756,1.9026355266049702,high
0,2,0,0,1,-0.07185511794548592,0.5366311944902336,0.3914918076496706,0.28542262806480606,medium
1,2,4,0,1,-0.07185511794548592,-0.7653727252281208,-1.2545383287852048,-0.6972553906529372,low
0,2,0,0,1,-0.8636470512290784,-0.5597931589568017,-0.39860265783906956,-0.6073476226749832,low
1,2,1,0,1,-1.919369628940535,-0.9024257694090002,-1.3862207396999948,-1.4026720460165099,low
0,3,1,1,1,0.8519021375520386,1.35894945957551,1.3791098895105958,1.1966538288793815,high
1,3,0,0,1,-0.8636470512290784,-1.0394788135898796,-1.3203795342425997,-1.0745017996871857,low
0,4,1,1,1,2.2375380207983255,2.112741202570347,2.103363149541941,2.1512141243035376,high
1,1,2,1,0,0.3900235098032764,-0.2856870705950429,-0.0035554250946994654,0.033593671371178004,medium
1,2,1,0,1,-0.8636470512290784,-0.7653727252281208,-0.8594910960408346,-0.8295036241660112,low
1,1,4,0,1,-0.7976643901221123,-1.0394788135898796,-1.5179031506147846,-1.1183487847755922,low
0,4,4,1,1,0.32404084869631034,0.05694553985715561,0.5231742185644607,0.3013868690393089,medium
0,2,4,0,1,0.7199368153381066,1.4274759816659497,1.5107923004253858,1.2194016991431473,high
1,0,1,1,0,0.5879714931241745,-0.7653727252281208,-0.39860265783906956,-0.19200129664767196,medium
0,2,4,1,1,1.1818154430868688,1.2218964153946306,1.5107923004253858,1.3048347196356285,high
0,3,0,0,1,-2.6451789011171614,-2.6155888216699927,-1.97879158881655,-2.413186437201235,low
1,0,2,0,0,0.3900235098032764,-0.1486340264141635,-0.2010790414668845,0.013436813974076126,medium
0,0,2,0,0,0.7199368153381066,1.2904229374850702,1.1157450676810157,1.0420349401680642,high
1,2,4,1,1,1.6436940708356311,0.33105162821891443,0.5231742185644607,0.8326399725396687,high
0,2,0,1,0,1.1158327819799028,1.084843371213751,1.444951094967991,1.2152090827205482,high
0,2,2,1,1,-0.203820440159418,-0.0115809822332841,0.3914918076496706,0.05869679508565617,medium
0,2,0,1,0,0.1260928653754122,1.153369893304191,1.0499038622236208,0.7764555403010748,high
0,3,5,1,1,-0.46775108458728215,-0.1486340264141635,-0.46444386329646453,-0.3602763247659701,medium
0,1,0,1,0,1.577711409728665,1.4274759816659497,1.5107923004253858,1.50532656394,high
0,3,1,1,0,0.32404084869631034,0.4681046723997938,0.9840626567662257,0.5920693926207766,high
1,4,1,1,0,0.6539541542311406,-0.491266636866362,-0.1352378360094895,0.00914989378509635,medium
1,3,0,1,1,0.9178847986590046,-0.08010750432372381,0.25980939673488057,0.36586223035672044,medium
0,3,3,1,1,-0.7316817290151464,-0.35421359268548264,0.12812698582009055,-0.3192561119601795,medium
1,4,0,1,1,0.6539541542311406,0.1254720619475953,-0.06939663055209448,0.2366765285422138,medium
1,1,2,1,0,0.45600617091024237,0.1254720619475953,-0.0035554250946994654,0.19264093592104606,medium
0,3,0,0,1,-0.9296297123360444,-0.6968462031376811,-0.7936498905834396,-0.806708602019055,low
1,2,4,0,1,0.1260928653754122,-0.08010750432372381,-0.46444386329646453,-0.1394861674149254,medium
1,0,2,1,1,-0.46775108458728215,-1.176531857770759,-1.4520619451573897,-1.0321149625051438,low
0,1,0,1,1,-1.1275776956569425,-1.176531857770759,-0.9253323014982296,-1.0764806183086437,low
1,2,2,1,1,0.2580581875893443,0.33105162821891443,0.19396819127748557,0.26102600236191476,medium
1,3,4,0,1,-0.3357857623733501,-1.5191644682229575,-0.7936498905834396,-0.8828667070599158,low
0,2,0,0,1,-0.4017684234803161,0.3995781503093541,0.3914918076496706,0.12976717815956954,medium
1,1,5,1,0,-0.13783777905245198,-1.1080053356803194,-0.7278086851260446,-0.657883933286272,low
1,0,0,0,0,0.8519021375520386,0.8792638049424321,0.9182214513088307,0.8831291312677672,high
0,0,0,0,1,-0.07185511794548592,1.084843371213751,0.5231742185644607,0.5120541572775753,high
0,2,0,1,1,-0.13783777905245198,-0.35421359268548264,0.12812698582009055,-0.12130812863928135,medium
0,2,4,1,1,1.1158327819799028,0.9477903270328718,1.444951094967991,1.169524734660255,high
0,2,1,1,1,0.9838674597659707,1.2904229374850702,1.444951094967991,1.2397471640730104,high
0,1,2,1,1,-0.7976643901221123,-0.35421359268548264,-0.0035554250946994654,-0.3851444693007648,medium
1,3,2,1,0,0.1260928653754122,-0.35421359268548264,-0.1352378360094895,-0.12111952110651998,medium
0,2,4,1,1,-0.7976643901221123,-1.4506379461325178,-1.0570147124130196,-1.1017723495558833,low
0,3,4,0,0,-0.46775108458728215,0.6051577165806732,0.5231742185644607,0.2201936168526172,medium
0,1,5,1,1,-0.005872456838519888,-0.0115809822332841,-0.0035554250946994654,-0.007002954722167817,medium
1,4,4,1,1,0.6539541542311406,0.1254720619475953,0.25980939673488057,0.34641187097120546,medium
0,3,3,1,1,0.5219888320172085,0.6736842386711129,0.9182214513088307,0.7046315073323841,high
0,1,0,1,0,1.8416420541565293,1.2218964153946306,1.5766335058827807,1.5467239918113134,high
1,2,4,0,1,-0.203820440159418,-0.5597931589568017,-0.9253323014982296,-0.5629819668714832,low
0,4,0,1,0,1.9076247152634953,1.35894945957551,1.5766335058827807,1.6144025602405954,high
0,3,3,0,1,-1.721421645619637,-0.6968462031376811,-0.9253323014982296,-1.1145333834185158,low
0,1,5,1,1,1.0498501208729367,0.8792638049424321,0.7865390403940407,0.9052176554031366,high
1,0,2,1,1,0.1260928653754122,0.05694553985715561,-0.1352378360094895,0.01593352307435944,medium
1,1,1,0,1,-0.7316817290151464,-0.6968462031376811,-0.9253323014982296,-0.7846200778836857,low
1,2,3,1,1,0.8519021375520386,0.6051577165806732,0.5890154240218557,0.6820250927181891,high
0,2,1,1,1,1.313780765300801,1.5645290258468292,1.2474274785958057,1.3752457565811451,high
1,3,4,1,1,0.6539541542311406,0.1254720619475953,0.3256506021922756,0.36835893945700376,medium
1,0,5,1,1,-0.13783777905245198,-1.3135849019516386,-1.6495855615295747,-1.0336694141778884,low
1,3,5,0,1,-0.26980310126638407,-1.3821114240420782,-1.0570147124130196,-0.9029764125738273,low
0,1,5,1,0,-0.7976643901221123,-0.5597931589568017,-0.39860265783906956,-0.5853534023059945,low
0,1,3,0,0,0.7199368153381066,1.9071616362990276,1.7083159167975708,1.4451381228115683,high
0,2,5,1,0,0.6539541542311406,1.2218964153946306,1.1157450676810157,0.9971985457689291,high
0,3,4,1,1,0.5219888320172085,1.35894945957551,1.0499038622236208,0.9769473846054465,high
0,4,4,1,0,-0.005872456838519888,0.33105162821891443,0.3256506021922756,0.21694325785755672,medium
0,3,5,1,0,-0.005872456838519888,0.6051577165806732,0.6548566294792506,0.4180472964071346,medium
0,1,2,0,0,0.060110204268446155,0.6051577165806732,0.7206978349366456,0.46198858526192166,medium
1,3,4,1,1,0.32404084869631034,-1.3821114240420782,-1.0570147124130196,-0.7050284292529291,low
0,2,0,1,1,1.6436940708356311,1.153369893304191,1.0499038622236208,1.2823226087878143,high
1,3,1,1,1,0.19207552648237824,-0.7653727252281208,-0.7278086851260446,-0.4337019612905957,medium
1,2,3,0,1,-0.7976643901221123,-0.6968462031376811,-1.1886971233278096,-0.8944025721958676,low
1,2,2,1,0,-0.8636470512290784,-1.176531857770759,-1.2545383287852048,-1.0982390792616805,low
1,4,4,1,1,0.1260928653754122,-0.6283196810472415,-0.5961262742112545,-0.3661176966276946,medium
1,2,5,0,0,-0.6656990679081803,-0.5597931589568017,-0.5302850687538596,-0.5852590985396139,low
0,2,2,0,1,-1.9853522900475011,-1.1080053356803194,-1.6495855615295747,-1.5809810624191318,low
0,3,1,0,1,-2.4472309177962632,-1.9303236007655957,-1.3862207396999948,-1.921258419420618,low
0,2,0,1,1,-0.26980310126638407,0.33105162821891443,0.12812698582009055,0.06312517092420697,medium
0,2,0,1,0,0.1260928653754122,-0.1486340264141635,0.3256506021922756,0.10103648038450809,medium
0,2,5,1,1,-1.2595430178708746,-1.0394788135898796,-0.9911735069556247,-1.0967317794721263,low
1,4,0,1,0,-0.26980310126638407,-0.5597931589568017,-0.6619674796686495,-0.49718791329727846,medium
0,4,0,1,0,0.8519021375520386,1.2904229374850702,1.7083159167975708,1.2835469972782265,high
1,1,2,1,0,0.45600617091024237,-0.0115809822332841,-0.0035554250946994654,0.14695658786075294,medium
0,2,1,0,0,-0.005872456838519888,0.9477903270328718,0.9840626567662257,0.6419935089868593,high
1,2,0,1,0,-0.9956123734430105,-0.6283196810472415,-0.6619674796686495,-0.7619665113863004,low
0,3,2,1,1,-0.9956123734430105,-0.2171605485046032,-0.39860265783906956,-0.5371251932622277,low
1,4,1,1,0,1.2477981041938349,-0.2171605485046032,0.19396819127748557,0.40820191565557234,medium
1,0,0,1,0,2.0395900374774274,1.5645290258468292,1.1815862731384108,1.5952351121542225,high
1,2,2,1,0,0.5879714931241745,-0.0115809822332841,-0.0035554250946994654,0.19094502859873033,medium
1,3,0,0,0,0.8519021375520386,0.8792638049424321,0.7865390403940407,0.8392349942961704,high
0,2,0,1,1,0.9838674597659707,0.5366311944902336,0.7206978349366456,0.7470654963976165,high
0,3,0,1,1,1.0498501208729367,1.7701085921181483,1.3791098895105958,1.399689534167227,high
0,3,3,1,1,-0.13783777905245198,-0.4227401147759223,-0.1352378360094895,-0.23193857661262127,medium
1,4,5,0,0,0.7859194764450727,0.9477903270328718,0.7865390403940407,0.8400829479573284,high
0,0,5,1,0,1.7096767319425972,2.112741202570347,1.905839533169756,1.9094191558942333,high
1,2,2,1,0,0.3900235098032764,-0.1486340264141635,-0.2669202469242795,-0.008510254511722215,medium
0,2,2,0,1,-0.26980310126638407,-0.1486340264141635,-0.2669202469242795,-0.22845245820160906,medium
1,2,3,1,1,0.8519021375520386,0.19399858403803502,0.062285780362695546,0.369395500650923,medium
1,2,5,0,1,0.8519021375520386,0.4681046723997938,-0.2010790414668845,0.372975922828316,medium
1,1,1,0,0,1.379763426407767,1.4274759816659497,1.3132686840532009,1.3735026973756392,high
0,1,0,1,1,-1.721421645619637,-1.4506379461325178,-1.1886971233278096,-1.4535855716933215,low
1,3,4,0,1,0.7199368153381066,-0.491266636866362,-0.2669202469242795,-0.012750022817511641,medium
1,4,0,1,1,-0.8636470512290784,-1.656217512403837,-1.8471091779017599,-1.4556579138448917,low
0,2,4,0,1,-2.249282934475365,-2.067376644946475,-2.307997616103525,-2.2082190651751215,low
0,2,0,1,0,-0.7316817290151464,0.19399858403803502,0.7206978349366456,0.0610048966531781,medium
1,2,3,0,1,-0.3357857623733501,-0.1486340264141635,-0.1352378360094895,-0.20655254159900105,medium
0,1,0,0,1,-0.8636470512290784,0.05694553985715561,0.12812698582009055,-0.22619150851727743,medium
1,3,5,1,1,0.45600617091024237,-0.2171605485046032,-0.39860265783906956,-0.0532523451444768,medium
0,3,4,1,0,0.5219888320172085,0.3995781503093541,0.7206978349366456,0.5474216057544027,high
0,2,4,1,1,-0.203820440159418,0.33105162821891443,0.3914918076496706,0.172907665236389,medium
1,2,1,1,0,1.9736073763704614,1.4274759816659497,1.5766335058827807,1.6592389546397304,high
0,3,4,0,0,-0.203820440159418,0.7422107607615527,0.7865390403940407,0.4416431203320584,medium
1,1,1,0,1,-1.1935603567639086,-1.2450583798611987,-1.4520619451573897,-1.2968935605941658,low
1,1,0,1,1,-1.1935603567639086,-1.7932705565847165,-1.5179031506147846,-1.5015780213211365,low
0,4,1,0,0,1.7096767319425972,2.112741202570347,2.103363149541941,1.9752603613516282,high
0,3,3,0,0,-0.3357857623733501,0.1254720619475953,0.6548566294792506,0.14818097635116526,medium
1,1,2,0,1,-0.203820440159418,-1.4506379461325178,-1.3862207396999948,-1.013559708663977,low
1,3,1,0,1,0.1260928653754122,-0.08010750432372381,-0.06939663055209448,-0.007803756500135363,medium
1,1,4,1,0,0.32404084869631034,0.3995781503093541,0.12812698582009055,0.2839153282752517,medium
1,0,1,1,1,1.6436940708356311,1.838635114208588,1.5766335058827807,1.6863208969756667,high
0,2,4,1,1,-0.8636470512290784,-0.491266636866362,-0.7936498905834396,-0.7161878595596267,low
0,2,2,0,0,-1.0615950345499765,-0.2171605485046032,-0.2669202469242795,-0.5152252766596197,low
0,4,2,1,1,0.5219888320172085,0.8107372828519923,0.19396819127748557,0.5088981020488955,high
1,0,0,0,0,-1.721421645619637,-0.97095229149944,-0.9911735069556247,-1.2278491480249005,low
1,0,4,1,0,-0.3357857623733501,-1.2450583798611987,-1.0570147124130196,-0.8792862848825228,low
0,1,2,1,1,0.9838674597659707,1.4960025037563893,1.3791098895105958,1.286326617677652,high
0,1,4,0,0,-1.1935603567639086,-0.9024257694090002,-0.6619674796686495,-0.9193178686138528,low
0,3,3,1,1,-0.8636470512290784,-0.5597931589568017,-0.0035554250946994654,-0.47566521176019316,medium
0,3,5,1,1,0.9838674597659707,1.9071616362990276,1.8399983277123608,1.5770091412591196,high
0,4,5,1,1,0.7199368153381066,0.6736842386711129,0.7865390403940407,0.7267200314677534,high
0,3,1,0,1,-0.203820440159418,0.26252510612847474,0.6548566294792506,0.2378537651494358,medium
0,3,0,1,0,0.45600617091024237,0.3995781503093541,0.7865390403940407,0.5473744538712123,high
0,3,4,1,1,0.19207552648237824,0.5366311944902336,0.5890154240218557,0.4392407149981558,medium
0,2,0,1,1,-0.07185511794548592,0.4681046723997938,0.5231742185644607,0.3064745910062562,medium
0,0,2,1,1,-0.7316817290151464,0.26252510612847474,0.3256506021922756,-0.04783534023146535,medium
0,2,1,0,1,-1.4574910011917728,-0.4227401147759223,-0.39860265783906956,-0.7596112579355884,low
0,2,4,1,1,-0.7976643901221123,-0.35421359268548264,-0.2010790414668845,-0.45098567475815976,medium
0,0,5,1,1,-1.1935603567639086,-0.2171605485046032,-0.2010790414668845,-0.5372666489117988,low
1,2,4,0,1,-0.5337337456942483,-0.8338992473185606,-0.9253323014982296,-0.7643217648370128,low
1,0,5,1,1,0.32404084869631034,-0.491266636866362,-1.1886971233278096,-0.45197430383262044,medium
1,4,1,1,1,0.1260928653754122,-0.08010750432372381,-0.2669202469242795,-0.07364496195753038,medium
0,4,2,1,1,0.5219888320172085,0.4681046723997938,0.3256506021922756,0.4385813688697593,medium
0,2,1,1,0,1.7096767319425972,2.112741202570347,2.037521944084546,1.95331329286583,high
0,2,1,1,0,-0.6656990679081803,0.6736842386711129,0.25980939673488057,0.08926485583260439,medium
1,0,5,1,1,-0.8636470512290784,-1.0394788135898796,-1.3203795342425997,-1.0745017996871857,low
0,3,2,1,1,0.19207552648237824,0.5366311944902336,0.3256506021922756,0.35145244105496243,medium
0,3,5,1,1,-0.07185511794548592,0.8792638049424321,0.8523802458514357,0.5532629776161273,high
0,3,3,1,1,-0.7976643901221123,-0.6283196810472415,-0.33276145238167454,-0.5862485078503427,low
0,2,2,1,1,-2.4472309177962632,-2.7526418658508724,-2.50552123247571,-2.5684646720409483,low
0,4,4,1,1,0.6539541542311406,0.6051577165806732,0.7865390403940407,0.681883637068618,high
1,3,2,0,1,-0.4017684234803161,-0.8338992473185606,-1.1228559178704147,-0.7861745295564305,low
1,3,3,0,0,1.1818154430868688,1.35894945957551,1.444951094967991,1.3285719992101233,high
1,2,5,1,1,0.5879714931241745,0.19399858403803502,-0.39860265783906956,0.12778913977438,medium
0,2,0,1,1,1.2477981041938349,1.0163168491233114,0.9182214513088307,1.0607788015419923,high
0,2,3,0,1,-1.721421645619637,-0.7653727252281208,-0.9253323014982296,-1.1373755574486624,low
0,4,4,1,1,-0.3357857623733501,-0.35421359268548264,-0.39860265783906956,-0.3628673376326341,medium
0,1,0,1,1,-0.5337337456942483,-0.4227401147759223,-0.2010790414668845,-0.38585096731235174,medium
1,3,4,0,0,0.19207552648237824,-0.6283196810472415,-0.33276145238167454,-0.2563352023155126,medium
0,2,4,1,1,-0.5337337456942483,-0.6968462031376811,-0.1352378360094895,-0.4552725949471396,medium
1,2,1,1,0,1.8416420541565293,1.4274759816659497,1.5107923004253858,1.5933034454159547,high
0,2,0,1,1,-0.07185511794548592,0.5366311944902336,0.3914918076496706,0.28542262806480606,medium
0,0,0,1,1,1.0498501208729367,1.6330555479372688,1.6424747113401759,1.4417934600501272,high
0,2,2,1,1,-0.4017684234803161,-0.08010750432372381,0.25980939673488057,-0.07402217702305312,medium
0,4,1,1,1,-1.919369628940535,-1.656217512403837,-1.97879158881655,-1.8514595767203073,low
1,3,1,1,1,1.445746087514733,0.6051577165806732,0.9840626567662257,1.0116554869538772,high
1,3,3,1,1,1.9076247152634953,0.8107372828519923,1.0499038622236208,1.2560886201130363,high
1,2,0,0,0,-0.07185511794548592,0.26252510612847474,-0.0035554250946994654,0.06237152102942978,medium
0,2,2,0,1,-2.051334951154467,-0.5597931589568017,-0.9253323014982296,-1.178820137203166,low
1,1,1,0,1,-0.26980310126638407,-0.4227401147759223,-0.7936498905834396,-0.49539770220858204,medium
1,2,2,0,0,-0.5337337456942483,-1.2450583798611987,-1.0570147124130196,-0.945268945989489,low
1,0,4,1,0,2.2375380207983255,1.838635114208588,1.1815862731384108,1.7525864693817745,high
0,4,1,0,1,-0.3357857623733501,-0.7653727252281208,-0.39860265783906956,-0.49992038181351356,medium
1,3,4,1,0,2.2375380207983255,1.9071616362990276,2.037521944084546,2.0607405337272997,high
1,1,0,0,0,0.19207552648237824,0.05694553985715561,-0.33276145238167454,-0.027913462014046892,medium
1,3,0,1,1,-0.3357857623733501,-1.4506379461325178,-1.4520619451573897,-1.0794952178877526,low
1,3,4,0,1,-1.1275776956569425,-0.8338992473185606,-1.4520619451573897,-1.1378462960442977,low
0,2,5,1,0,-1.4574910011917728,-1.2450583798611987,-0.8594910960408346,-1.1873468256979354,low
1,3,4,1,1,0.060110204268446155,-0.35421359268548264,0.12812698582009055,-0.05532546753231531,medium
1,1,2,1,1,0.8519021375520386,-0.6283196810472415,-0.2010790414668845,0.007501138345970881,medium
0,1,1,1,0,-0.005872456838519888,0.33105162821891443,0.8523802458514357,0.3925198057439434,medium
0,2,2,1,1,0.5879714931241745,1.2904229374850702,1.1157450676810157,0.9980464994300867,high
1,3,5,1,1,1.1818154430868688,1.0163168491233114,0.7865390403940407,0.994890444201407,high
1,0,2,1,1,0.32404084869631034,0.33105162821891443,-0.2669202469242795,0.12939074333031508,medium
0,1,2,0,0,0.060110204268446155,0.7422107607615527,0.8523802458514357,0.5515670702938115,high
0,3,5,1,0,0.9178847986590046,1.5645290258468292,1.3132686840532009,1.2652275028530113,high
1,4,4,1,1,1.313780765300801,0.4681046723997938,0.3914918076496706,0.7244590817834218,high
0,3,0,1,1,0.6539541542311406,0.33105162821891443,0.3256506021922756,0.43688546154744357,medium
1,3,2,1,1,-1.655438984512671,-1.176531857770759,-1.1228559178704147,-1.318275586717948,low
0,3,0,0,0,0.5219888320172085,1.2904229374850702,1.444951094967991,1.08578762149009,high
0,1,5,0,1,0.3900235098032764,0.8107372828519923,0.7206978349366456,0.6404862091973048,high
0,4,2,1,0,0.5219888320172085,0.6736842386711129,0.7865390403940407,0.6607373703607874,high
1,1,2,1,1,0.2580581875893443,-0.2856870705950429,-0.5302850687538596,-0.18597131725318605,medium
0,1,1,1,0,-0.07185511794548592,0.8107372828519923,0.8523802458514357,0.5304208035859806,high
0,3,0,1,1,-0.46775108458728215,0.05694553985715561,-0.2010790414668845,-0.203961528732337,medium
0,4,2,0,1,-0.13783777905245198,-0.491266636866362,-0.0035554250946994654,-0.21088661367117112,medium
0,1,2,1,1,-1.0615950345499765,-1.1080053356803194,-0.8594910960408346,-1.0096971554237102,low
0,3,4,1,0,0.19207552648237824,0.6736842386711129,0.8523802458514357,0.5727133370016423,high
1,2,5,0,0,-0.9956123734430105,-0.9024257694090002,-0.9911735069556247,-0.9630705499358786,low
0,0,2,1,0,0.1260928653754122,0.7422107607615527,0.5231742185644607,0.4638259482338085,medium
0,3,4,1,0,1.2477981041938349,1.153369893304191,1.9716807386271509,1.4576162453750587,high
0,0,0,1,0,-0.07185511794548592,0.05694553985715561,0.3914918076496706,0.1255274098537801,medium
0,1,5,1,1,0.45600617091024237,0.6736842386711129,0.7206978349366456,0.6167960815060004,high
0,1,4,1,1,-0.26980310126638407,-0.1486340264141635,-0.06939663055209448,-0.16261125274421404,medium
1,2,0,0,1,0.7199368153381066,-0.1486340264141635,-0.2669202469242795,0.10146084733322118,medium
1,3,5,1,1,0.19207552648237824,-0.2171605485046032,-0.46444386329646453,-0.16317629510622983,medium
0,3,0,0,1,-1.5234736622987388,-0.6283196810472415,-0.6619674796686495,-0.9379202743382099,low
1,3,0,1,1,1.577711409728665,1.2218964153946306,1.1157450676810157,1.3051176309347705,high
1,2,4,0,1,0.5219888320172085,0.5366311944902336,0.3256506021922756,0.46142354289990584,medium
1,2,5,1,1,0.45600617091024237,-0.2171605485046032,-0.33276145238167454,-0.03130527665867846,medium
0,3,4,0,1,-0.7316817290151464,0.1254720619475953,0.062285780362695546,-0.18130796223495185,medium
0,2,2,1,1,-0.07185511794548592,-0.0115809822332841,-0.06939663055209448,-0.05094424357695484,medium
1,3,0,1,1,0.9178847986590046,-0.4227401147759223,-0.33276145238167454,0.05412774383380259,medium
0,2,5,0,0,-1.0615950345499765,-0.6283196810472415,-0.5302850687538596,-0.7400665947836925,low
0,2,4,0,0,-0.203820440159418,0.26252510612847474,0.19396819127748557,0.08422428574884744,medium
0,1,1,0,1,0.7199368153381066,1.084843371213751,1.2474274785958057,1.0174025550492212,high
1,2,4,1,1,0.45600617091024237,0.33105162821891443,-0.46444386329646453,0.10753797861089741,medium
1,3,0,1,0,0.9838674597659707,0.19399858403803502,0.5890154240218557,0.5889604892752871,high
0,2,2,0,1,-0.005872456838519888,0.4681046723997938,-0.0035554250946994654,0.15289226348885815,medium
1,3,0,0,1,-0.9296297123360444,-0.8338992473185606,-1.1886971233278096,-0.9840753609941383,low
0,2,4,1,1,0.19207552648237824,0.6051577165806732,0.5231742185644607,0.44013582054250405,medium
0,2,0,1,0,-0.07185511794548592,1.0163168491233114,1.0499038622236208,0.6647885311338154,high
0,3,2,1,0,0.19207552648237824,0.5366311944902336,0.6548566294792506,0.4611877834839541,medium
0,1,4,1,0,-1.0615950345499765,-0.35421359268548264,-0.1352378360094895,-0.5170154877483162,low
0,4,4,1,0,0.45600617091024237,0.6051577165806732,0.5231742185644607,0.5281127020184587,high
0,2,5,1,0,0.2580581875893443,0.8792638049424321,0.5231742185644607,0.5534987370320791,high
1,3,0,0,1,0.9838674597659707,0.3995781503093541,0.6548566294792506,0.679434079851525,high
1,3,4,0,1,-0.203820440159418,-0.5597931589568017,-0.5302850687538596,-0.43129955595669306,medium
0,3,2,1,1,0.060110204268446155,0.19399858403803502,0.3914918076496706,0.21520019865205062,medium
1,1,2,1,1,-0.4017684234803161,-0.08010750432372381,-0.5302850687538596,-0.3373869988526332,medium
1,1,2,1,1,-0.26980310126638407,-0.97095229149944,-0.9253323014982296,-0.7220292314213511,low
0,2,5,0,0,-2.4472309177962632,-1.9988501228560356,-1.5837443560721798,-2.0099417989081596,low
1,1,4,1,0,-0.26980310126638407,-0.2171605485046032,-0.0035554250946994654,-0.16350635828856225,medium
0,4,3,1,0,1.8416420541565293,2.044214680479907,2.103363149541941,1.996406628059459,high
1,4,4,1,0,1.2477981041938349,0.3995781503093541,-0.0035554250946994654,0.5479402764694965,high
1,3,0,0,1,0.7199368153381066,0.6051577165806732,0.3256506021922756,0.5502483780370184,high
1,0,2,0,1,-0.8636470512290784,-0.7653727252281208,-1.5837443560721798,-1.070921377509793,low
1,4,4,0,1,1.7756593930495632,1.4274759816659497,0.9840626567662257,1.3957326771605796,high
0,2,0,1,1,-1.1275776956569425,-1.1080053356803194,-0.9911735069556247,-1.0755855127642955,low
0,4,0,0,1,0.45600617091024237,0.4681046723997938,0.6548566294792506,0.5263224909297622,high
0,2,1,0,0,-0.005872456838519888,0.33105162821891443,0.8523802458514357,0.3925198057439434,medium
0,3,0,1,1,0.7199368153381066,0.5366311944902336,0.3256506021922756,0.5274062040068719,high
0,2,5,1,1,-1.1275776956569425,-0.4227401147759223,-0.7936498905834396,-0.7813225670054349,low
0,3,4,0,1,0.8519021375520386,1.35894945957551,1.1815862731384108,1.1308126234219864,high
0,2,0,1,0,0.5879714931241745,0.8792638049424321,1.444951094967991,0.9707287976781992,high
0,0,1,1,1,-0.46775108458728215,0.19399858403803502,0.12812698582009055,-0.0485418382430522,medium
0,3,0,1,0,-0.5997164068012143,0.6051577165806732,0.7206978349366456,0.24204638157203484,medium
1,2,2,0,1,-0.005872456838519888,-0.2171605485046032,-0.5961262742112545,-0.27305309318479254,medium
0,4,1,1,0,0.8519021375520386,0.8107372828519923,0.9182214513088307,0.8602869572376205,high
0,1,5,1,1,-0.5997164068012143,-0.1486340264141635,0.25980939673488057,-0.16284701216016575,medium
1,0,1,1,0,1.379763426407767,1.0163168491233114,1.2474274785958057,1.2145025847089614,high
0,3,4,1,1,-0.203820440159418,-0.35421359268548264,-0.06939663055209448,-0.20914355446566502,medium
0,1,5,0,0,-0.46775108458728215,-0.4227401147759223,-0.2669202469242795,-0.38580381542916137,medium
1,0,1,0,1,-0.26980310126638407,0.19399858403803502,-0.2010790414668845,-0.09229451956507784,medium
1,3,2,1,1,-1.3255256789778407,-2.410009255398674,-2.1104739997313398,-1.948669644702618,low
1,2,4,1,1,-0.005872456838519888,-0.6968462031376811,-1.0570147124130196,-0.5865777907964068,low
1,3,2,1,1,1.511728748621699,1.2218964153946306,0.7206978349366456,1.1514409996509916,high
0,3,0,0,0,-1.5894563234057049,-0.5597931589568017,-0.6619674796686495,-0.937072320677052,low
1,2,4,1,0,1.7756593930495632,1.0163168491233114,1.444951094967991,1.4123091123802887,high
0,4,5,1,0,0.9178847986590046,1.084843371213751,1.1157450676810157,1.0394910791845904,high
0,3,4,1,1,2.1055726985843934,2.112741202570347,2.037521944084546,2.085278615079762,high
1,3,3,1,1,0.9838674597659707,0.8107372828519923,1.0499038622236208,0.9481695349471946,high
0,1,5,1,0,-0.4017684234803161,0.05694553985715561,0.3914918076496706,0.015556308008836709,medium
0,1,0,0,0,0.6539541542311406,1.7015820700277084,1.2474274785958057,1.2009879009515516,high
1,2,0,1,0,0.45600617091024237,0.6051577165806732,0.25980939673488057,0.4403244280752654,medium
0,2,0,1,0,1.9736073763704614,1.838635114208588,2.037521944084546,1.9499214782211984,high
0,2,2,1,1,0.6539541542311406,0.4681046723997938,0.3914918076496706,0.504516878093535,high
1,4,0,0,0,1.6436940708356311,0.26252510612847474,0.7865390403940407,0.8975860724527155,high
0,2,4,0,1,-0.26980310126638407,0.19399858403803502,0.12812698582009055,0.017440822863913834,medium
1,3,5,0,0,-0.7316817290151464,-0.6968462031376811,-0.5961262742112545,-0.6748847354546941,low
0,1,5,0,0,0.5219888320172085,1.4274759816659497,1.3132686840532009,1.0875778325787862,high
1,2,2,1,1,-1.0615950345499765,-1.4506379461325178,-1.7154267669869698,-1.4092199158898213,low
1,1,4,1,1,-1.2595430178708746,-1.7932705565847165,-1.7812679724443647,-1.6113605156333186,low
1,4,4,1,0,0.9838674597659707,0.33105162821891443,0.19396819127748557,0.5029624264207903,high
0,4,0,1,0,-0.07185511794548592,0.3995781503093541,0.5890154240218557,0.305579485461908,medium
1,4,5,1,0,0.1260928653754122,-1.2450583798611987,-0.7278086851260446,-0.6155913998706104,low
0,3,2,0,1,0.45600617091024237,1.5645290258468292,1.0499038622236208,1.0234796863268976,high
1,2,4,1,1,-0.8636470512290784,-2.067376644946475,-2.044632794273945,-1.6585521634831661,low
0,1,0,0,0,0.1260928653754122,0.5366311944902336,0.7865390403940407,0.48308770008656216,medium
1,0,5,0,1,-0.7316817290151464,-1.5876909903133973,-1.6495855615295747,-1.322986093619373,low
0,2,4,1,0,1.379763426407767,1.35894945957551,1.7083159167975708,1.4823429342602825,high
1,3,5,1,1,-0.7316817290151464,-1.5191644682229575,-1.5837443560721798,-1.2781968511034278,low
0,4,4,0,1,-0.8636470512290784,-0.7653727252281208,-0.7278086851260446,-0.7856094871944146,low
1,2,3,1,1,0.060110204268446155,-0.8338992473185606,-0.5961262742112545,-0.456638439087123,medium
1,2,0,1,1,1.7096767319425972,0.6736842386711129,1.0499038622236208,1.144421610945777,high
0,1,4,0,0,-0.8636470512290784,-0.2171605485046032,0.3256506021922756,-0.25171899918046864,medium
1,3,0,1,1,0.9838674597659707,0.1254720619475953,0.3256506021922756,0.4783300413019472,medium
1,2,2,0,1,-0.3357857623733501,-0.6283196810472415,-0.8594910960408346,-0.6078655131538088,low
1,3,1,1,1,0.9178847986590046,0.26252510612847474,0.25980939673488057,0.4800731005074533,medium
0,0,0,0,1,-1.919369628940535,-0.8338992473185606,-0.7936498905834396,-1.1823062556141786,low
0,2,2,1,1,0.9838674597659707,1.0163168491233114,0.9182214513088307,0.9728019200660376,high
0,2,0,1,0,-0.46775108458728215,0.26252510612847474,0.25980939673488057,0.018194472758691054,medium
1,1,4,0,1,-0.7316817290151464,-0.97095229149944,-1.3862207396999948,-1.0296182534048604,low
1,3,0,1,1,0.3900235098032764,0.6736842386711129,0.3914918076496706,0.48506651870802003,medium
1,3,2,1,1,0.19207552648237824,0.3995781503093541,0.19396819127748557,0.2618739560230727,medium
1,2,4,1,1,0.19207552648237824,-0.35421359268548264,-0.0035554250946994654,-0.05523116376593462,medium
0,2,1,0,1,-1.0615950345499765,-0.6283196810472415,-0.5961262742112545,-0.7620136632694908,low
1,1,4,1,0,1.379763426407767,1.0163168491233114,1.1815862731384108,1.1925555162231631,high
1,3,5,1,0,0.32404084869631034,-0.0115809822332841,-0.0035554250946994654,0.10296814712277559,medium
1,4,4,1,1,0.1260928653754122,0.19399858403803502,-0.2010790414668845,0.03967080264885425,medium
1,2,3,0,0,0.8519021375520386,0.5366311944902336,0.45733301310706564,0.615288781716446,high
0,2,5,1,0,0.7199368153381066,1.4274759816659497,1.1157450676810157,1.0877192882283573,high
1,2,0,0,1,-0.5337337456942483,-0.97095229149944,-0.9911735069556247,-0.8319531813831041,low
0,4,0,1,1,1.1818154430868688,1.7701085921181483,1.5766335058827807,1.5095191803625994,high
1,3,4,1,1,-0.7316817290151464,-0.7653727252281208,-1.0570147124130196,-0.8513563888854291,low
1,4,1,0,0,0.2580581875893443,-0.08010750432372381,0.25980939673488057,0.14592002666683368,medium
0,3,4,0,0,-0.9296297123360444,-0.6968462031376811,-0.2010790414668845,-0.60918498564687,low
1,1,4,1,0,0.19207552648237824,0.5366311944902336,0.5890154240218557,0.4392407149981558,medium
0,2,2,0,1,-0.8636470512290784,0.19399858403803502,-0.2669202469242795,-0.3121895713717743,medium
0,3,5,1,1,-1.1935603567639086,-0.7653727252281208,-0.9253323014982296,-0.961421794496753,low
1,3,5,1,0,0.7859194764450727,0.8107372828519923,1.1815862731384108,0.9260810108118253,high
0,1,2,1,1,-0.26980310126638407,-0.491266636866362,-0.33276145238167454,-0.36461039683814017,medium
1,3,4,1,1,-0.4017684234803161,-0.4227401147759223,-0.5961262742112545,-0.4735449374891643,medium
0,1,2,1,1,0.5219888320172085,0.19399858403803502,0.25980939673488057,0.3252656042633747,medium
0,2,2,1,0,-0.5337337456942483,0.3995781503093541,0.5890154240218557,0.1516199428789872,medium
1,1,2,1,0,0.6539541542311406,-0.491266636866362,-0.5302850687538596,-0.1225325171296937,medium
0,3,5,1,1,0.1260928653754122,0.1254720619475953,0.45733301310706564,0.23629931347669106,medium
1,0,4,0,1,-0.5337337456942483,-0.6283196810472415,-0.7278086851260446,-0.6299540372891781,low
1,1,2,1,1,-0.9296297123360444,-1.4506379461325178,-1.2545383287852048,-1.2116019957512556,low
1,3,1,1,1,0.5879714931241745,0.26252510612847474,0.3914918076496706,0.41399613563410664,medium
0,1,5,0,0,-0.9296297123360444,-0.1486340264141635,0.25980939673488057,-0.2728181140051091,medium
0,2,1,0,1,-0.26980310126638407,0.6051577165806732,0.7206978349366456,0.35201748341697825,medium
1,1,4,1,1,-0.005872456838519888,-0.2856870705950429,-0.5302850687538596,-0.2739481987291408,medium
0,1,5,0,1,-1.1275776956569425,-0.7653727252281208,-0.8594910960408346,-0.9174805056419659,low
0,1,2,1,1,-0.005872456838519888,0.19399858403803502,0.12812698582009055,0.10541770433986856,medium
0,2,4,0,1,-2.051334951154467,-1.7247440344942766,-1.6495855615295747,-1.8085548490594394,low
0,0,4,1,0,0.3900235098032764,0.6736842386711129,0.9182214513088307,0.6606430665944066,high
1,4,0,1,0,1.8416420541565293,1.084843371213751,0.9182214513088307,1.281568958893037,high
0,3,0,0,1,-1.3255256789778407,-0.9024257694090002,-0.7278086851260446,-0.9852533778376286,low
0,1,3,1,1,0.7199368153381066,1.4274759816659497,1.0499038622236208,1.065772219742559,high
0,1,2,0,0,0.6539541542311406,1.084843371213751,0.9182214513088307,0.8856729922512407,high
0,2,0,1,0,-0.9296297123360444,-0.6968462031376811,-0.39860265783906956,-0.6750261911042651,low
1,2,1,1,0,1.6436940708356311,0.8107372828519923,0.7206978349366456,1.0583763962080897,high
0,1,5,1,0,-2.249282934475365,-1.2450583798611987,-1.5837443560721798,-1.6926952234695811,low
0,4,5,0,1,0.3900235098032764,0.6736842386711129,0.5890154240218557,0.550907724165415,high
1,2,0,0,1,0.1260928653754122,-0.2856870705950429,-0.46444386329646453,-0.20801268950536508,medium
0,2,3,0,1,-0.9296297123360444,-0.2856870705950429,-0.46444386329646453,-0.5599202154091839,low
0,1,2,1,1,-1.1935603567639086,-0.491266636866362,-0.5302850687538596,-0.7383706874613768,low
0,3,4,0,1,-0.4017684234803161,-0.2171605485046032,0.12812698582009055,-0.16360066205494295,medium
1,3,2,0,1,-0.005872456838519888,0.33105162821891443,0.062285780362695546,0.12915498391436336,medium
1,4,5,1,0,1.511728748621699,1.0163168491233114,0.5890154240218557,1.0390203405889553,high
0,1,2,1,1,-1.5894563234057049,-1.176531857770759,-1.1228559178704147,-1.2962813663489596,low
0,4,0,0,0,-0.5997164068012143,-0.08010750432372381,0.3256506021922756,-0.11805776964422084,medium
1,3,2,1,1,0.2580581875893443,0.05694553985715561,0.12812698582009055,0.14771023775553016,medium
0,4,0,0,1,0.2580581875893443,1.0163168491233114,0.8523802458514357,0.7089184275213638,high
1,4,4,1,1,0.19207552648237824,-0.6283196810472415,-0.9253323014982296,-0.4538588186876977,medium
0,2,0,1,1,-0.9296297123360444,-0.97095229149944,-0.7278086851260446,-0.876130229653843,low
1,2,5,1,0,0.060110204268446155,0.26252510612847474,-0.0035554250946994654,0.10635996176740714,medium
1,2,5,1,0,0.6539541542311406,0.7422107607615527,0.3256506021922756,0.573938505728323,high
0,4,0,1,1,1.379763426407767,1.7015820700277084,1.774157122254966,1.6185008728968138,high
0,1,4,1,1,1.0498501208729367,1.084843371213751,1.2474274785958057,1.1273736568941646,high
0,2,4,1,1,0.45600617091024237,0.4681046723997938,0.6548566294792506,0.5263224909297622,high
1,0,4,0,1,0.5879714931241745,0.8107372828519923,0.3914918076496706,0.5967335278752791,high
0,3,4,0,1,-0.13783777905245198,0.33105162821891443,0.45733301310706564,0.21684895409117602,medium
0,4,2,0,1,-1.655438984512671,-1.656217512403837,-1.8471091779017599,-1.719588558272756,low
1,2,2,1,1,1.577711409728665,0.3995781503093541,0.062285780362695546,0.6798584468002383,high
1,1,1,1,1,-0.46775108458728215,-1.0394788135898796,-1.1228559178704147,-0.8766952720158588,low
1,0,5,1,1,-0.9956123734430105,-2.6155888216699927,-2.1104739997313398,-1.9072250649481142,low
1,0,2,0,1,-1.3915083400848067,-1.5191644682229575,-1.2545383287852048,-1.3884037123643231,low
0,2,3,1,0,-0.7976643901221123,-0.35421359268548264,-0.06939663055209448,-0.40709153778656315,medium
1,4,5,1,0,1.379763426407767,1.0163168491233114,0.5231742185644607,0.9730848313651798,high
0,2,2,1,1,0.3900235098032764,0.7422107607615527,0.9840626567662257,0.7054323091103516,high
1,1,5,1,0,1.8416420541565293,1.153369893304191,1.2474274785958057,1.4141464753521753,high
0,0,1,1,1,-1.3915083400848067,-0.6968462031376811,-0.2669202469242795,-0.785091596715589,low
1,3,1,0,0,-0.3357857623733501,0.05694553985715561,0.5231742185644607,0.08144466534942206,medium
0,1,2,0,1,-0.4017684234803161,0.19399858403803502,-0.0035554250946994654,-0.07044175484566019,medium
0,2,5,1,1,0.7199368153381066,1.4960025037563893,1.3132686840532009,1.176402667715899,high
0,0,5,1,0,1.2477981041938349,1.4274759816659497,1.5766335058827807,1.417302530580855,high
0,3,1,0,1,0.7859194764450727,1.4274759816659497,1.6424747113401759,1.2852900564837328,high
1,4,4,0,0,-1.1275776956569425,-1.176531857770759,-1.1228559178704147,-1.1423218237660386,low
0,1,2,0,1,0.32404084869631034,1.2218964153946306,0.9182214513088307,0.8213862384665905,high
0,2,5,0,1,-1.1935603567639086,-0.7653727252281208,-1.0570147124130196,-1.0053159314683497,low
1,2,2,1,1,-0.26980310126638407,-0.1486340264141635,-0.6619674796686495,-0.360134869116399,medium
0,2,0,0,0,-0.6656990679081803,-0.08010750432372381,0.12812698582009055,-0.20589319547060456,medium
0,2,5,1,1,-0.07185511794548592,-0.0115809822332841,0.5231742185644607,0.14657937279523023,medium
0,3,5,0,0,0.19207552648237824,1.153369893304191,0.8523802458514357,0.7326085552126683,high
1,1,5,1,1,0.1260928653754122,-1.0394788135898796,-0.9911735069556247,-0.6348531517233641,low
0,0,4,0,1,-0.3357857623733501,-0.6283196810472415,-0.7278086851260446,-0.563971376182212,low
0,2,1,0,0,0.5219888320172085,1.153369893304191,1.3791098895105958,1.0181562049439983,high
1,0,1,1,1,-0.13783777905245198,-0.6283196810472415,-0.6619674796686495,-0.4760416465894477,medium
0,1,2,1,0,0.7199368153381066,0.8792638049424321,1.3791098895105958,0.992770169930378,high
1,1,4,1,1,-0.5337337456942483,-1.3135849019516386,-1.5179031506147846,-1.1217405994202239,low
0,2,2,1,0,-0.4017684234803161,-0.35421359268548264,0.3914918076496706,-0.12149673617204271,medium
1,4,2,1,1,0.45600617091024237,-0.35421359268548264,-0.7278086851260446,-0.2086720356337616,medium
0,0,2,1,0,0.5879714931241745,0.8792638049424321,0.7206978349366456,0.7293110443344174,high
1,1,0,0,0,-0.5337337456942483,-0.8338992473185606,-0.9911735069556247,-0.7862688333228111,low
0,2,0,1,1,-0.005872456838519888,0.5366311944902336,0.3256506021922756,0.28546977994799644,medium
0,3,2,0,1,-1.787404306726603,-1.176531857770759,-1.4520619451573897,-1.471999369884917,low
1,2,5,1,1,-0.13783777905245198,-0.7653727252281208,-1.1228559178704147,-0.6753554740503293,low
0,1,2,0,0,-2.8431268844380595,-1.7247440344942766,-2.1104739997313398,-2.226114972887892,low
1,1,4,0,0,0.5219888320172085,0.5366311944902336,0.5231742185644607,0.5272647483573009,high
0,3,5,0,0,-1.721421645619637,-0.2856870705950429,-0.2669202469242795,-0.7580096543796531,low
1,4,3,1,1,1.577711409728665,1.084843371213751,1.0499038622236208,1.237486214388679,high
1,2,3,1,0,1.6436940708356311,1.084843371213751,1.1157450676810157,1.281427503243466,high
1,3,2,1,1,-0.13783777905245198,-1.0394788135898796,-1.1886971233278096,-0.7886712386567137,low
0,2,2,1,1,-0.46775108458728215,0.19399858403803502,-0.0035554250946994654,-0.09243597521464887,medium
1,3,0,1,1,0.9178847986590046,0.3995781503093541,0.062285780362695546,0.4599162431103514,medium
1,2,3,1,1,0.32404084869631034,-0.1486340264141635,-0.06939663055209448,0.035336730576684114,medium
0,0,2,1,1,-0.3357857623733501,-0.08010750432372381,-0.33276145238167454,-0.2495515730262495,medium
0,4,4,1,1,1.379763426407767,1.084843371213751,1.6424747113401759,1.369027169653898,high
1,4,5,1,1,1.0498501208729367,-0.1486340264141635,-0.46444386329646453,0.14559074372076958,medium
1,2,5,1,1,-0.26980310126638407,-0.35421359268548264,-0.8594910960408346,-0.4945025966642338,medium
0,1,1,1,1,2.0395900374774274,1.9071616362990276,1.8399983277123608,1.9289166671629385,high
1,1,4,0,1,0.5879714931241745,-0.08010750432372381,-0.2010790414668845,0.10226164911118873,medium
0,2,1,1,1,-0.07185511794548592,0.6736842386711129,0.8523802458514357,0.4847364555256875,medium
1,1,2,1,0,-0.9296297123360444,-1.3821114240420782,-1.4520619451573897,-1.2546010271785042,low
1,2,0,0,1,1.379763426407767,0.26252510612847474,0.25980939673488057,0.6340326430903741,high
0,2,0,1,1,-0.8636470512290784,-0.491266636866362,-0.9911735069556247,-0.7820290650170216,low
0,4,3,0,1,0.9838674597659707,1.153369893304191,1.2474274785958057,1.1282216105553224,high
1,3,1,0,0,-1.787404306726603,-1.861797078675156,-1.97879158881655,-1.8759976580727695,low
0,2,4,1,0,0.32404084869631034,0.1254720619475953,0.7865390403940407,0.4120173170126488,medium
1,2,0,1,1,2.0395900374774274,1.6330555479372688,1.5107923004253858,1.7278126286133606,high
1,3,4,1,0,1.0498501208729367,0.8792638049424321,1.3132686840532009,1.0807942032895232,high
1,2,2,0,1,-0.46775108458728215,-1.1080053356803194,-1.0570147124130196,-0.8775903775602071,low
1,1,0,1,1,-0.3357857623733501,-1.861797078675156,-1.7812679724443647,-1.3262836044976236,low
1,4,0,0,0,0.7859194764450727,0.33105162821891443,0.25980939673488057,0.4589268337996226,medium
1,2,0,0,1,-1.1275776956569425,-1.2450583798611987,-1.1228559178704147,-1.1651639977961852,low
1,1,2,1,1,-0.46775108458728215,-0.7653727252281208,-1.3862207396999948,-0.8731148498384659,low
0,2,4,1,0,0.2580581875893443,0.19399858403803502,0.5231742185644607,0.32507699673061335,medium
1,1,0,1,0,1.0498501208729367,1.0163168491233114,0.6548566294792506,0.907007866491833,high
1,4,0,0,1,1.577711409728665,1.4274759816659497,0.9182214513088307,1.3078029475678152,high
0,2,1,0,1,-1.5234736622987388,-0.491266636866362,-0.46444386329646453,-0.8263947208205219,low
1,2,4,0,1,0.9178847986590046,-0.35421359268548264,-0.1352378360094895,0.14281112332134419,medium
1,3,4,1,1,0.9838674597659707,0.8792638049424321,1.0499038622236208,0.9710117089773412,high
1,2,5,1,1,-0.5997164068012143,-0.5597931589568017,-0.9253323014982296,-0.6949472890854151,low
0,3,5,1,1,-0.46775108458728215,0.19399858403803502,0.7865390403940407,0.17092884661493116,medium
0,3,0,1,1,-0.13783777905245198,0.4681046723997938,0.3914918076496706,0.2405862336656708,medium
1,2,1,1,0,-0.203820440159418,-0.35421359268548264,-0.1352378360094895,-0.23109062295146335,medium
0,4,1,1,0,0.32404084869631034,0.05694553985715561,0.12812698582009055,0.16970445812451884,medium
0,1,2,0,1,-0.13783777905245198,0.26252510612847474,0.19396819127748557,0.10621850611783612,medium
1,3,1,0,1,-0.7316817290151464,-1.5876909903133973,-1.5837443560721798,-1.3010390251335746,low
0,4,0,1,1,-0.9956123734430105,-1.2450583798611987,-0.9253323014982296,-1.055334351600813,low
0,2,0,1,0,-0.26980310126638407,0.4681046723997938,0.7865390403940407,0.32828020384248346,medium
0,4,0,1,0,1.7756593930495632,2.112741202570347,1.774157122254966,1.8875192392916251,high
1,2,2,0,1,-0.7976643901221123,0.19399858403803502,-0.5961262742112545,-0.39993069343177723,medium
0,3,4,0,1,0.19207552648237824,-0.2856870705950429,0.3914918076496706,0.09929342117900199,medium
1,3,2,0,1,-1.4574910011917728,-1.2450583798611987,-1.3203795342425997,-1.3409763050985237,low
0,4,4,1,0,1.313780765300801,1.084843371213751,1.5107923004253858,1.3031388123133125,high
0,4,0,1,1,1.2477981041938349,1.5645290258468292,1.1157450676810157,1.30935739924056,high
0,0,3,0,1,-1.0615950345499765,-0.1486340264141635,0.3256506021922756,-0.29485948625728814,medium
1,3,5,1,0,1.445746087514733,0.33105162821891443,0.45733301310706564,0.7447102429469044,high
0,4,0,1,1,-0.46775108458728215,-0.491266636866362,0.062285780362695546,-0.2989106470303162,medium
0,4,5,0,1,-2.249282934475365,-2.410009255398674,-1.97879158881655,-2.212694592896863,low
1,1,2,0,1,-1.9853522900475011,-2.7526418658508724,-2.703044848847895,-2.480346334915423,low
0,1,5,0,0,-0.203820440159418,0.6051577165806732,0.7206978349366456,0.37401170378596693,medium
1,3,0,1,0,0.060110204268446155,-1.0394788135898796,-0.33276145238167454,-0.43737668723436934,medium
0,3,5,1,0,-0.07185511794548592,0.6051577165806732,0.9182214513088307,0.48384134998133926,medium
1,3,3,1,1,1.2477981041938349,1.0163168491233114,1.3791098895105958,1.2144082809425807,high
0,2,3,1,1,0.45600617091024237,0.6051577165806732,0.3914918076496706,0.484218565046862,medium
0,0,2,0,0,-2.117317612261433,-1.4506379461325178,-1.7812679724443647,-1.7830745102794385,low
0,3,1,0,0,1.7756593930495632,2.112741202570347,2.103363149541941,1.997254581720617,high
0,3,5,0,1,0.060110204268446155,1.0163168491233114,1.0499038622236208,0.7087769718717928,high
1,3,4,1,1,1.445746087514733,0.5366311944902336,0.5890154240218557,0.8571309020089407,high
1,1,2,1,1,-0.5997164068012143,-1.4506379461325178,-1.1228559178704147,-1.0577367569347156,low
0,3,4,1,0,0.8519021375520386,1.0163168491233114,1.5107923004253858,1.1263370957002452,high
0,2,1,0,1,0.060110204268446155,0.3995781503093541,0.25980939673488057,0.2398325837708936,medium
1,4,1,1,0,0.2580581875893443,-0.35421359268548264,0.12812698582009055,0.010657193574650734,medium
1,3,1,0,1,-1.0615950345499765,-1.861797078675156,-1.3203795342425997,-1.4145905491559108,low
0,0,4,1,1,0.19207552648237824,1.0163168491233114,0.9182214513088307,0.7088712756381734,high
0,2,1,1,0,-0.9296297123360444,-0.5597931589568017,-0.1352378360094895,-0.5415535691007786,low
0,2,1,0,0,-1.2595430178708746,-0.491266636866362,-0.1352378360094895,-0.6286824969155754,low
0,1,0,0,1,-1.3255256789778407,-0.5597931589568017,-0.8594910960408346,-0.9149366446584923,low
0,4,4,1,1,0.1260928653754122,0.05694553985715561,-0.1352378360094895,0.01593352307435944,medium
1,4,1,1,0,2.2375380207983255,2.112741202570347,2.103363149541941,2.1512141243035376,high
0,2,2,1,1,-1.4574910011917728,-0.5597931589568017,-1.0570147124130196,-1.0247662908538648,low
0,2,0,1,0,-0.5997164068012143,0.5366311944902336,0.7865390403940407,0.24115127602768663,medium
1,1,4,1,0,1.6436940708356311,1.838635114208588,1.5107923004253858,1.6643738284898681,high
1,3,2,0,1,0.19207552648237824,0.05694553985715561,-0.06939663055209448,0.059874811929146454,medium
0,2,2,0,1,-2.051334951154467,-1.1080053356803194,-1.4520619451573897,-1.5371340773307256,low
1,3,2,1,1,0.3900235098032764,-0.2171605485046032,-0.1352378360094895,0.012541708429727896,medium
0,1,0,0,1,-0.7976643901221123,-0.2856870705950429,-0.2010790414668845,-0.4281435007280132,medium
1,3,2,0,1,0.5219888320172085,0.05694553985715561,0.062285780362695546,0.2137400507456865,medium
1,4,5,1,0,0.5219888320172085,-0.35421359268548264,-0.5302850687538596,-0.12083660980737793,medium
1,4,0,0,1,-0.13783777905245198,-0.9024257694090002,-1.0570147124130196,-0.6990927536248238,low
0,3,2,0,0,-0.07185511794548592,-0.5597931589568017,0.19396819127748557,-0.14589336187493404,medium
1,4,0,0,0,-1.3255256789778407,-1.7932705565847165,-1.5837443560721798,-1.5675135305449122,low
0,2,5,0,1,-1.1935603567639086,-0.9024257694090002,-1.1228559178704147,-1.0729473480144411,low
1,2,4,0,0,0.060110204268446155,0.33105162821891443,0.12812698582009055,0.17309627276915038,medium
1,3,4,0,1,-0.26980310126638407,-0.8338992473185606,-0.39860265783906956,-0.5007683354746714,low
1,3,0,0,0,-0.3357857623733501,0.1254720619475953,0.3256506021922756,0.038445633922173594,medium
1,2,1,0,0,0.2580581875893443,0.3995781503093541,0.3914918076496706,0.3497093818494563,medium
1,2,0,1,0,2.1055726985843934,1.2218964153946306,1.444951094967991,1.5908067363156715,high
1,3,4,0,1,0.2580581875893443,-0.4227401147759223,-0.6619674796686495,-0.27554980228507586,medium
1,0,0,1,1,0.060110204268446155,-0.8338992473185606,-0.9911735069556247,-0.588320850001913,low
0,4,2,0,1,-0.5997164068012143,-0.7653727252281208,-0.7278086851260446,-0.6976326057184599,low
1,3,4,1,0,1.2477981041938349,0.8107372828519923,1.1157450676810157,1.0580934849089478,high
1,3,5,1,0,0.7199368153381066,-0.08010750432372381,0.062285780362695546,0.23403836379235943,medium
1,2,3,0,0,0.3900235098032764,-0.2171605485046032,0.25980939673488057,0.14422411934451793,medium
0,3,3,1,1,0.7859194764450727,1.4960025037563893,1.8399983277123608,1.3739734359712743,high
1,2,2,1,1,0.9838674597659707,-0.2171605485046032,-0.2669202469242795,0.16659555477902932,medium
1,0,5,0,0,-0.3357857623733501,-0.491266636866362,-0.46444386329646453,-0.4304987541787255,medium
0,1,2,1,1,-0.5337337456942483,-0.08010750432372381,-0.46444386329646453,-0.35942837110481224,medium
0,2,0,1,1,-0.7976643901221123,-0.5597931589568017,-0.6619674796686495,-0.6731416762491879,low
1,1,2,1,1,1.0498501208729367,0.8792638049424321,0.7865390403940407,0.9052176554031366,high
0,3,4,0,1,-1.1275776956569425,-0.7653727252281208,-0.5302850687538596,-0.8077451632129744,low
1,1,5,0,0,-1.1275776956569425,-1.3135849019516386,-1.0570147124130196,-1.1660591033405334,low
0,4,2,0,0,-0.5997164068012143,0.3995781503093541,0.3256506021922756,0.04183744856680514,medium
1,4,2,1,1,1.8416420541565293,0.26252510612847474,0.19396819127748557,0.7660451171874966,high
0,3,4,1,0,0.5879714931241745,0.5366311944902336,0.9840626567662257,0.7028884481268779,high
0,4,5,0,1,0.5219888320172085,0.33105162821891443,0.25980939673488057,0.37094995232366784,medium
1,2,2,1,0,-0.5337337456942483,-1.176531857770759,-0.9253323014982296,-0.8785326349877457,low
0,2,4,1,1,-0.26980310126638407,-0.0115809822332841,0.062285780362695546,-0.0730327677123242,medium
1,4,0,1,1,0.3900235098032764,-0.8338992473185606,-0.39860265783906956,-0.2808261317847846,medium
1,2,4,1,1,1.1818154430868688,1.2218964153946306,0.8523802458514357,1.0853640347776452,high
0,3,3,1,1,1.7096767319425972,2.112741202570347,2.103363149541941,1.9752603613516282,high
0,3,2,1,1,-1.3915083400848067,-0.4227401147759223,-0.5961262742112545,-0.8034582430239946,low
1,2,2,1,1,0.5879714931241745,0.8107372828519923,0.19396819127748557,0.5308923224178842,high
0,0,4,1,1,-0.6656990679081803,-0.7653727252281208,-0.2669202469242795,-0.5659973466868603,low
0,3,5,0,1,-1.1935603567639086,-1.0394788135898796,-0.9911735069556247,-1.0747375591031376,low
0,4,0,1,1,2.2375380207983255,2.112741202570347,2.103363149541941,2.1512141243035376,high
0,2,5,0,0,-0.07185511794548592,0.4681046723997938,0.45733301310706564,0.2845275225204578,medium
1,3,4,1,1,0.3900235098032764,-0.8338992473185606,-0.6619674796686495,-0.3686144057279779,medium
0,3,4,1,1,-0.26980310126638407,0.05694553985715561,0.25980939673488057,0.01565061177521737,medium
1,0,5,1,0,-0.005872456838519888,-0.08010750432372381,-0.2669202469242795,-0.11763340269550775,medium
1,2,4,1,1,-0.203820440159418,-0.4227401147759223,-0.5302850687538596,-0.38561520789639997,medium
0,4,0,1,1,0.1260928653754122,0.4681046723997938,-0.06939663055209448,0.17493363574103718,medium
0,1,1,1,1,0.5879714931241745,1.0163168491233114,0.7865390403940407,0.7969424608805088,high
0,3,1,1,1,1.511728748621699,2.112741202570347,2.103363149541941,1.9092777002446624,high
1,2,5,1,0,0.7859194764450727,0.19399858403803502,0.062285780362695546,0.3474012802819344,medium
0,0,2,0,0,-0.8636470512290784,-1.3135849019516386,-0.5302850687538596,-0.9025056739781921,low
0,3,4,0,1,-1.1275776956569425,-0.2856870705950429,-0.46444386329646453,-0.62590287651615,low
0,0,4,1,1,-0.7976643901221123,-0.4227401147759223,-0.06939663055209448,-0.42993371181670975,medium
0,2,4,1,0,-0.13783777905245198,0.8792638049424321,0.5890154240218557,0.44348048330394524,medium
1,1,4,0,0,-0.4017684234803161,-0.491266636866362,-0.5302850687538596,-0.47444004303351256,medium
1,2,0,1,1,-0.26980310126638407,-0.2856870705950429,-0.6619674796686495,-0.40581921717669217,medium
1,3,2,1,0,-0.7316817290151464,-1.9303236007655957,-1.3203795342425997,-1.327461621341114,low
0,2,0,1,1,1.6436940708356311,1.7701085921181483,1.7083159167975708,1.7073728599171167,high
1,3,5,1,1,0.9838674597659707,0.6051577165806732,0.6548566294792506,0.7479606019419648,high
1,1,5,1,0,0.8519021375520386,1.084843371213751,1.1815862731384108,1.0394439273014002,high
0,0,4,1,0,0.7859194764450727,1.2218964153946306,1.5107923004253858,1.1728693974216964,high
0,2,5,1,1,0.5219888320172085,0.3995781503093541,0.9182214513088307,0.6132628112117978,high
1,0,2,1,1,-0.5997164068012143,-1.2450583798611987,-0.9253323014982296,-0.9233690293868809,low
0,2,0,1,1,-1.721421645619637,-0.6968462031376811,-1.1228559178704147,-1.180374588875911,low
1,4,5,1,0,0.9838674597659707,0.3995781503093541,0.5231742185644607,0.6355399428799284,high
0,0,5,0,1,-1.4574910011917728,-1.656217512403837,-1.5179031506147846,-1.5438705547367981,low
0,3,4,0,0,0.060110204268446155,1.153369893304191,0.9840626567662257,0.7325142514462876,high
1,4,2,0,0,1.313780765300801,0.8107372828519923,0.45733301310706564,0.8606170204199529,high
0,1,5,1,0,-0.07185511794548592,0.8792638049424321,0.6548566294792506,0.4874217721587322,medium
0,3,0,0,1,-0.7316817290151464,0.4681046723997938,0.5231742185644607,0.08653238731636936,medium
0,3,1,0,1,-0.26980310126638407,0.19399858403803502,0.3914918076496706,0.1052290968071072,medium
1,0,2,1,1,-0.203820440159418,-0.4227401147759223,-0.39860265783906956,-0.3417210709248033,medium
0,4,3,1,0,1.445746087514733,2.044214680479907,1.774157122254966,1.7547059634165354,high
1,2,2,0,1,-0.26980310126638407,-0.97095229149944,-0.8594910960408346,-0.7000821629355528,low
0,2,2,0,0,-0.46775108458728215,0.1254720619475953,-0.2010790414668845,-0.18111935470219045,medium
0,3,4,1,0,0.1260928653754122,0.6051577165806732,0.5890154240218557,0.4400886686593137,medium
0,3,4,0,1,0.7199368153381066,1.153369893304191,1.1815862731384108,1.0182976605935694,high
